EmployeeID,Age,Gender,Department,Position,AnnualSalary,JobSatisfaction,EngagementScore,PerformanceRating,AbsenteeismRate,PromotionInLastYear,ParticipationInTrainingSessions,Tenure
EID0001,56,Male,Finance,Team Leader,143244.19,4,0.96,3,11.66,1,6,18
EID0002,46,Female,Marketing,Senior Analyst,145216.27,2,0.38,5,19.2,1,0,7
EID0003,32,Male,Sales,Analyst,92575.16,1,0.34,2,13.21,1,2,6
EID0004,60,Other,Finance,Clerk,147276.95,2,0.06,3,10.45,0,7,32
EID0005,25,Male,HR,Team Leader,120877.22,5,0.49,2,0.47,0,8,3
EID0006,38,Male,Finance,Team Leader,49400.57,2,0.11,2,8.27,1,6,4
EID0007,56,Male,IT,Analyst,87228.01,4,0.25,3,5.98,0,6,24
EID0008,36,Male,Sales,Manager,116199.74,1,0.32,1,14.96,1,7,3
EID0009,40,Other,HR,Clerk,59680.84,4,0.81,3,4.17,0,5,16
EID0010,28,Other,Marketing,Team Leader,106873.82,1,0.88,1,4.1,1,2,7
EID0011,28,Female,Operations,Clerk,109992.06,5,0.3,5,3.79,1,0,4
EID0012,41,Other,HR,Team Leader,49523.97,1,0.86,5,2.51,0,6,1
EID0013,53,Other,Marketing,Clerk,97810.24,1,0.86,3,6.22,0,0,30
EID0014,57,Female,Operations,Senior Analyst,122595.23,1,0.76,5,17.72,0,0,32
EID0015,41,Other,Operations,Team Leader,89867.48,2,0.15,4,15.5,0,8,11
EID0016,20,Male,HR,Clerk,31452.37,2,0.69,2,14.71,1,9,2
EID0017,39,Male,Finance,Manager,31084.62,5,0.95,2,15.95,1,6,16
EID0018,19,Female,Finance,Senior Analyst,72843.52,1,0.68,1,5.39,0,3,1
EID0019,41,Female,Operations,Senior Analyst,141143.29,3,0.33,5,17.75,0,5,23
EID0020,61,Female,Finance,Manager,57441.21,5,0.5,1,2.75,1,0,23
EID0021,47,Male,IT,Clerk,106123.64,1,0.65,2,6.73,0,6,25
EID0022,55,Other,Operations,Analyst,56649.1,1,0.51,2,11.73,0,5,10
EID0023,19,Male,Operations,Manager,68600.4,2,0.12,5,2.06,0,3,0
EID0024,38,Female,Marketing,Clerk,131765.05,5,0.31,4,14.6,0,6,7
EID0025,50,Other,Finance,Manager,117463.37,1,0.8,4,7.74,1,2,9
EID0026,29,Other,Operations,Manager,41447.91,1,0.86,5,15.69,1,0,7
EID0027,39,Male,IT,Team Leader,81444.24,5,0.14,5,9.86,0,3,19
EID0028,61,Female,Marketing,Clerk,33500.37,3,0.95,1,3.62,1,2,7
EID0029,42,Male,HR,Analyst,87706.82,5,0.33,5,14.7,0,0,8
EID0030,44,Other,Operations,Team Leader,109492.08,5,0.66,4,5.04,0,1,6
EID0031,59,Male,IT,Manager,44220.31,3,0.75,5,9.82,0,4,13
EID0032,45,Male,Sales,Manager,64666.19,5,0.81,1,1.51,1,7,27
EID0033,33,Female,IT,Manager,77740.4,1,0.95,1,12.36,1,0,1
EID0034,32,Female,IT,Clerk,140343.72,5,0.31,1,13.32,1,3,8
EID0035,64,Other,Marketing,Clerk,149190.6,3,0.86,1,7.57,1,3,42
EID0036,61,Male,HR,Team Leader,35389.36,4,0.13,3,19.09,1,4,7
EID0037,20,Male,Sales,Analyst,121320.95,5,0.71,5,17.48,0,6,0
EID0038,54,Male,Finance,Team Leader,74606.89,2,0.74,2,14.16,0,7,20
EID0039,24,Other,Finance,Senior Analyst,77094.98,1,0.68,5,14.27,1,5,6
EID0040,38,Other,IT,Manager,120511.8,1,0.25,3,5.05,1,0,2
EID0041,26,Female,Marketing,Manager,140211.17,2,0.87,1,13.14,1,6,6
EID0042,56,Female,Marketing,Manager,144111.43,2,0.17,3,3.96,0,2,14
EID0043,35,Female,Finance,Team Leader,99254.71,5,0.05,4,2.88,1,5,1
EID0044,21,Male,Sales,Team Leader,72854.54,2,0.72,4,19.99,0,7,0
EID0045,42,Male,HR,Manager,124505.89,4,0.48,5,12.45,0,6,18
EID0046,31,Female,Sales,Team Leader,60120.17,3,0.85,5,8.62,1,9,11
EID0047,26,Male,Operations,Clerk,97688.88,2,0.38,2,5.76,0,5,8
EID0048,43,Female,Operations,Clerk,73029.42,2,0.17,2,12.08,0,8,19
EID0049,19,Other,HR,Team Leader,108795.73,4,0.84,4,0.99,1,8,1
EID0050,37,Female,Finance,Manager,58847.87,1,0.55,1,1.89,0,0,2
EID0051,45,Other,HR,Team Leader,52991.15,1,0.19,3,0.66,1,0,4
EID0052,64,Male,Marketing,Team Leader,140188.69,5,0.72,2,9.98,0,0,2
EID0053,24,Female,Operations,Team Leader,42216.44,4,0.51,2,12.01,1,7,0
EID0054,61,Male,IT,Senior Analyst,90714.95,3,0.6,1,1.25,1,9,18
EID0055,25,Other,IT,Clerk,56502.33,3,0.46,1,14.42,0,6,1
EID0056,64,Other,Finance,Analyst,34671.6,4,0.83,5,4.61,1,2,43
EID0057,52,Other,Marketing,Analyst,34322.26,3,0.83,3,13.7,0,1,16
EID0058,31,Male,Sales,Senior Analyst,51026.61,1,0.71,1,19.64,0,3,13
EID0059,34,Male,Marketing,Team Leader,134012.44,3,0.11,2,13.82,1,2,9
EID0060,53,Male,IT,Senior Analyst,63897.45,3,0.84,2,17.66,0,6,2
EID0061,57,Male,IT,Senior Analyst,144055.1,4,0.67,4,18.96,1,9,35
EID0062,21,Other,Operations,Manager,99794.68,4,0.7,1,9.74,0,7,1
EID0063,19,Other,Marketing,Clerk,82393.7,3,0.36,5,14.05,0,5,1
EID0064,23,Female,Marketing,Analyst,99610.66,2,0.88,3,17.04,1,2,0
EID0065,59,Female,IT,Team Leader,92003.81,4,0.73,5,7.13,0,5,21
EID0066,21,Male,Sales,Analyst,121053.15,5,0.11,2,5.23,0,1,3
EID0067,46,Other,Finance,Analyst,63899.53,5,0.41,5,18.93,0,6,6
EID0068,35,Other,Finance,Clerk,72366.05,1,0.89,2,14.53,0,9,14
EID0069,43,Other,Marketing,Analyst,137291.32,3,0.05,2,4.39,0,6,20
EID0070,61,Female,Finance,Analyst,143574.78,2,0.96,2,8.98,0,3,29
EID0071,51,Female,IT,Senior Analyst,137106.99,1,0.68,2,15.93,0,7,27
EID0072,27,Other,IT,Clerk,80333.76,3,0.63,2,10.94,0,3,8
EID0073,53,Other,Marketing,Manager,123643.86,4,0.27,4,13,1,6,25
EID0074,31,Other,Marketing,Team Leader,87160.29,5,0.25,5,15.08,0,3,10
EID0075,48,Female,Operations,Analyst,89704.78,2,0.94,4,12.44,0,4,21
EID0076,32,Other,Marketing,Team Leader,54561.61,5,0.3,4,10.8,1,6,4
EID0077,25,Other,Sales,Manager,100935.64,4,0.78,1,14.99,1,9,0
EID0078,31,Male,Finance,Team Leader,52336.31,3,0.39,1,14.55,1,2,4
EID0079,40,Male,Marketing,Manager,69787.76,4,0.14,1,12.6,0,9,12
EID0080,57,Female,HR,Senior Analyst,132603.62,4,0.01,3,7.2,1,4,20
EID0081,38,Other,Operations,Analyst,54849.1,5,0.54,1,8.12,1,2,13
EID0082,33,Other,HR,Manager,38538.99,2,0.98,5,19.41,0,4,8
EID0083,62,Male,IT,Team Leader,38280.91,4,0.37,4,2.25,0,2,16
EID0084,35,Female,Finance,Analyst,142894.14,5,0.36,5,5.37,1,9,14
EID0085,64,Male,Marketing,Senior Analyst,90830.45,2,0.34,1,9.85,1,6,20
EID0086,41,Male,HR,Analyst,79129.45,3,0.52,3,16.73,0,0,6
EID0087,43,Male,Finance,Manager,127305.43,3,0.44,3,3.27,0,8,21
EID0088,42,Male,IT,Senior Analyst,130299.11,1,0.88,4,5.54,0,8,21
EID0089,62,Other,Sales,Team Leader,69862.92,5,0.51,5,1.32,0,4,11
EID0090,58,Other,Operations,Senior Analyst,113234.17,2,0.51,2,14.12,0,8,5
EID0091,46,Male,Finance,Senior Analyst,122534.74,4,0.14,5,4.76,1,9,20
EID0092,32,Female,Finance,Clerk,108558.08,3,0.98,1,7.77,0,5,9
EID0093,62,Female,Sales,Senior Analyst,48191.41,2,0.25,2,8.87,0,4,4
EID0094,18,Female,Finance,Senior Analyst,135105.97,5,0.07,3,17.83,0,2,0
EID0095,42,Female,IT,Analyst,94691.35,1,0.66,4,8.23,0,7,8
EID0096,24,Male,IT,Team Leader,63896.69,3,0.6,4,2.9,0,3,5
EID0097,26,Other,Sales,Analyst,81027.38,2,0.42,3,10.49,1,9,7
EID0098,41,Female,Operations,Analyst,34508.53,2,0.42,1,19.26,0,2,13
EID0099,18,Male,Marketing,Manager,45344.02,2,0.79,3,12.15,1,5,0
EID0100,61,Female,HR,Analyst,121865.61,5,0.2,1,19.67,0,7,43
EID0101,25,Female,Marketing,Clerk,30001.4,5,0.82,2,16.82,1,8,6
EID0102,41,Male,Finance,Clerk,79987.9,5,0.65,3,0.72,1,5,9
EID0103,28,Other,HR,Manager,92701.22,4,0.42,1,13.17,0,4,3
EID0104,34,Other,Sales,Team Leader,36556.13,2,0.46,2,5.74,0,1,12
EID0105,25,Male,Sales,Team Leader,146769.38,3,0.26,3,11.19,0,1,4
EID0106,52,Other,Operations,Analyst,57135.04,5,0.75,4,5.59,0,8,18
EID0107,52,Male,HR,Analyst,66503.85,5,0.51,3,6.98,0,1,7
EID0108,50,Male,IT,Analyst,66473.1,2,0.32,5,18.46,1,1,22
EID0109,22,Male,HR,Team Leader,57650,5,0.6,3,4.13,0,2,4
EID0110,59,Other,Finance,Senior Analyst,30176.86,4,1,5,17.48,0,2,41
EID0111,56,Male,IT,Clerk,117521.38,4,0.44,2,0.61,1,3,34
EID0112,58,Female,Sales,Senior Analyst,146021.46,5,0.92,3,1.82,0,6,30
EID0113,45,Other,HR,Senior Analyst,56915.22,2,0.35,2,17.09,1,8,20
EID0114,24,Other,Marketing,Team Leader,109565.66,2,0.05,2,12.61,0,1,2
EID0115,26,Other,Operations,Senior Analyst,119027.56,2,0.2,1,14.94,1,3,4
EID0116,25,Other,Marketing,Manager,131811.05,1,0.42,2,4.19,0,8,7
EID0117,29,Female,Operations,Analyst,80715.5,5,0.22,2,10.74,1,1,0
EID0118,51,Other,Finance,Manager,66351.71,2,0,3,14.74,1,9,31
EID0119,50,Other,Marketing,Clerk,69035.42,4,0.92,3,12.55,0,0,31
EID0120,40,Male,HR,Analyst,115514.56,3,0.84,4,9.43,0,9,19
EID0121,41,Other,HR,Senior Analyst,128013.54,3,0.74,1,19.2,0,7,19
EID0122,54,Female,Marketing,Clerk,51793.68,2,0.17,2,13.52,1,8,1
EID0123,52,Female,HR,Analyst,74512.92,3,0.12,1,18.16,1,6,19
EID0124,61,Female,Finance,Senior Analyst,138232.82,3,0.07,5,14.6,1,7,17
EID0125,57,Female,IT,Manager,126803.22,1,0.72,2,14.71,0,3,0
EID0126,39,Other,Finance,Analyst,148183.01,4,0.93,1,1.6,0,3,18
EID0127,44,Other,Operations,Senior Analyst,120509.79,4,0.43,4,7.19,1,1,11
EID0128,52,Female,Finance,Manager,77183.42,1,0.12,4,17.17,0,7,5
EID0129,18,Female,Operations,Clerk,100876.54,1,0.51,2,4.65,1,1,0
EID0130,52,Other,HR,Clerk,109321.71,3,0.35,5,2.31,0,8,7
EID0131,54,Female,IT,Clerk,39414.7,5,0.37,4,6.52,0,3,23
EID0132,64,Male,HR,Clerk,95339.64,3,0.62,4,4.41,1,0,19
EID0133,31,Female,Sales,Team Leader,115118.5,1,0.72,5,18.51,0,3,5
EID0134,20,Female,HR,Analyst,50078.56,4,0.11,1,17.36,0,2,1
EID0135,18,Male,Operations,Analyst,123675.81,3,0.04,4,9.99,0,5,0
EID0136,22,Male,HR,Team Leader,100052.73,5,0.99,3,1.23,0,6,4
EID0137,43,Other,HR,Senior Analyst,144266.61,3,0.23,4,14.29,0,7,8
EID0138,31,Other,IT,Senior Analyst,35090.68,2,0.05,1,12.47,1,1,7
EID0139,56,Male,HR,Clerk,61839.14,3,0.19,1,19.41,0,5,33
EID0140,44,Male,IT,Manager,102186.47,1,0.04,2,11.18,1,5,15
EID0141,26,Other,Marketing,Senior Analyst,65587.19,4,0.39,3,6.73,0,9,6
EID0142,32,Female,Sales,Manager,115730.9,4,0.8,1,10.38,0,4,6
EID0143,32,Male,IT,Analyst,121080.63,1,0.34,5,19.59,1,9,10
EID0144,43,Other,Operations,Manager,42301.92,2,0.44,3,13.93,1,9,13
EID0145,59,Female,Marketing,Analyst,91662.54,1,0.68,3,13.44,0,6,13
EID0146,30,Male,IT,Team Leader,91066.87,3,0.51,5,4.81,0,2,11
EID0147,49,Female,IT,Team Leader,74313.69,1,0.86,4,14.87,1,3,0
EID0148,56,Other,Sales,Clerk,141950.98,1,0.87,5,15.01,1,9,32
EID0149,49,Male,Operations,Senior Analyst,129300.76,2,0.01,5,6.35,1,8,11
EID0150,21,Female,Finance,Clerk,113665.13,3,0.78,4,9.67,1,3,3
EID0151,47,Male,Finance,Analyst,115719.2,5,0.46,4,5.89,0,2,20
EID0152,54,Female,IT,Clerk,85405.94,5,0.99,4,5.17,0,1,35
EID0153,40,Other,HR,Manager,140519.34,4,0.48,4,0.52,0,4,6
EID0154,56,Other,Operations,Analyst,113351.45,1,0.99,4,5.7,0,3,31
EID0155,62,Male,Marketing,Team Leader,117477.73,4,0.75,5,11.08,0,7,2
EID0156,32,Female,HR,Senior Analyst,133402.91,2,0.25,2,0.03,1,6,6
EID0157,60,Male,HR,Analyst,62888.59,5,0.54,2,5.66,1,5,28
EID0158,46,Male,Operations,Analyst,126848.51,1,0.99,1,17.63,1,1,23
EID0159,53,Female,IT,Manager,53428.87,2,0.86,2,11.87,0,2,21
EID0160,30,Female,IT,Senior Analyst,71441.03,2,0.1,2,12.16,1,9,5
EID0161,49,Female,IT,Team Leader,70273.25,1,0.71,5,8.07,0,8,15
EID0162,24,Other,IT,Analyst,147423.06,2,0.35,4,13.53,0,8,6
EID0163,39,Male,Finance,Analyst,132784.47,1,0.01,4,3.8,0,4,21
EID0164,45,Male,IT,Manager,114140.38,1,0.4,5,16.37,1,2,5
EID0165,19,Other,Finance,Clerk,117246.81,3,0.23,2,2.33,0,1,1
EID0166,59,Female,Finance,Team Leader,97448.74,4,0.82,5,13.12,0,7,15
EID0167,62,Other,IT,Senior Analyst,143650.88,2,0.34,1,6.82,1,5,10
EID0168,23,Other,Sales,Analyst,89551.05,2,0.83,4,14.95,0,9,4
EID0169,45,Other,Marketing,Analyst,75662.13,3,0,3,11,1,6,5
EID0170,45,Male,HR,Team Leader,49564.24,3,0.31,1,9.05,0,0,23
EID0171,61,Other,Finance,Clerk,124344.68,3,0.24,1,3.39,1,0,32
EID0172,61,Male,Operations,Analyst,118133.27,5,0.23,5,12.74,0,9,11
EID0173,37,Male,Operations,Team Leader,76122.6,5,0.07,2,19.5,0,1,5
EID0174,47,Male,Marketing,Manager,33023.21,5,0.19,4,16.51,1,9,29
EID0175,28,Female,Operations,Clerk,130679.68,1,0.56,3,1.2,0,2,1
EID0176,45,Male,Sales,Senior Analyst,31370.16,2,0.29,1,7.52,1,0,12
EID0177,42,Male,Operations,Analyst,114443.97,4,0.42,3,18.51,0,4,6
EID0178,56,Female,HR,Team Leader,146430.85,1,0.38,2,10.06,1,2,12
EID0179,50,Male,HR,Manager,82519.36,2,0.88,2,13.24,0,0,29
EID0180,18,Other,Finance,Senior Analyst,58196.81,2,0.91,3,18.25,0,7,0
EID0181,44,Other,IT,Team Leader,114584.52,3,0.49,4,17.48,0,5,20
EID0182,30,Male,Sales,Team Leader,128055.38,3,0.33,2,10.04,1,8,0
EID0183,58,Female,Finance,Senior Analyst,95571.64,1,0.11,3,8.75,1,2,40
EID0184,20,Other,Sales,Manager,146044.23,3,0.95,1,6.79,1,8,0
EID0185,56,Female,IT,Manager,36200.25,2,0.06,3,14.38,1,8,33
EID0186,23,Female,Operations,Clerk,90575.47,3,0.3,3,5.74,1,0,3
EID0187,25,Other,Operations,Analyst,116214.47,5,0.3,5,5,0,2,5
EID0188,44,Female,IT,Senior Analyst,133516.86,3,0.32,2,7.12,0,5,24
EID0189,26,Other,Finance,Senior Analyst,51510.67,2,0.16,4,3.54,0,7,1
EID0190,54,Female,IT,Senior Analyst,126000.42,1,0.78,4,13.9,0,3,35
EID0191,50,Other,Marketing,Manager,96324.85,4,0.12,5,12.32,0,4,17
EID0192,59,Male,HR,Analyst,77586.44,3,0.63,4,9.66,1,8,4
EID0193,61,Other,Finance,Clerk,45805.8,2,0.12,3,7.81,0,5,18
EID0194,41,Other,Sales,Team Leader,133835.49,4,0.07,5,18.18,1,6,9
EID0195,32,Other,Marketing,Team Leader,48872.78,4,0.91,1,0.58,0,6,1
EID0196,49,Other,Finance,Senior Analyst,67174.54,5,0.19,2,15.38,1,3,29
EID0197,49,Female,IT,Analyst,64805.46,4,0.82,2,18.04,1,3,24
EID0198,41,Male,IT,Manager,134569.68,2,0.54,2,8.93,1,3,20
EID0199,58,Other,IT,Analyst,110724.36,2,0.08,3,11.01,0,4,9
EID0200,29,Female,IT,Analyst,125601.77,3,0.96,1,18.89,0,4,4
EID0201,56,Male,Sales,Manager,60056.15,3,0.25,5,4.25,0,7,21
EID0202,19,Male,Marketing,Senior Analyst,104984.89,3,0.86,5,10.4,0,8,0
EID0203,20,Male,Operations,Analyst,98609.52,4,0.17,2,9.49,1,1,2
EID0204,54,Male,HR,Team Leader,129939.65,4,0.85,1,5.17,1,6,16
EID0205,34,Other,Sales,Manager,138730.45,5,0.01,1,16.37,1,0,8
EID0206,19,Other,Sales,Clerk,31458.81,3,0.51,1,17.99,1,0,1
EID0207,19,Female,Operations,Senior Analyst,110882.39,1,0.77,4,15.64,0,3,1
EID0208,45,Female,Operations,Manager,36220.3,5,0.93,4,3.91,1,9,13
EID0209,40,Female,HR,Clerk,95863.04,1,0.91,2,1.73,0,6,13
EID0210,54,Male,HR,Clerk,64515.93,4,0.82,1,12.11,1,1,7
EID0211,49,Male,Operations,Analyst,66813.19,5,0.89,1,1.14,1,1,22
EID0212,50,Other,IT,Analyst,72355.02,5,0.2,5,13.46,1,0,18
EID0213,18,Male,Sales,Analyst,104555.09,2,0.28,5,10.61,0,9,0
EID0214,36,Male,Finance,Manager,70086,4,0.29,2,13.26,0,1,13
EID0215,19,Male,HR,Manager,117923.89,4,0.38,1,11.8,1,6,0
EID0216,61,Female,HR,Senior Analyst,78543.29,5,0.39,2,8.45,1,8,29
EID0217,43,Female,Operations,Analyst,38202.38,4,0.54,5,4.02,1,5,6
EID0218,49,Other,Marketing,Clerk,124051.18,5,0.16,5,6.11,0,9,26
EID0219,23,Male,Finance,Team Leader,64291,2,0.69,4,10.49,0,1,1
EID0220,49,Male,Finance,Senior Analyst,81932.03,5,0.17,2,13.04,0,9,25
EID0221,21,Other,HR,Manager,112253.27,4,0.31,2,15.59,1,9,3
EID0222,28,Male,IT,Senior Analyst,69894.74,4,0.5,1,15.34,0,8,5
EID0223,34,Male,Marketing,Senior Analyst,36790.28,5,0.8,1,19.45,1,6,13
EID0224,55,Female,Finance,Senior Analyst,74870.53,5,0.74,4,5.72,0,0,10
EID0225,41,Other,HR,Senior Analyst,143333.83,5,0.65,3,1.42,1,8,13
EID0226,22,Other,Finance,Team Leader,107008.13,3,0.16,3,6.91,1,1,4
EID0227,51,Other,Marketing,Analyst,110577.5,4,0.55,3,14.87,0,3,7
EID0228,23,Other,Marketing,Clerk,105873.86,4,0.09,2,8.76,1,8,2
EID0229,39,Female,Sales,Senior Analyst,53879.06,3,0.38,2,16.36,1,3,17
EID0230,28,Female,Operations,Senior Analyst,80200.06,5,0.41,5,10.99,1,2,2
EID0231,33,Male,Operations,Senior Analyst,120112.78,2,0.04,2,18.6,0,0,14
EID0232,50,Male,HR,Analyst,42164.75,5,0.27,2,18.96,1,6,12
EID0233,26,Male,Marketing,Manager,63342.33,5,0.96,2,1.39,0,5,1
EID0234,23,Male,Sales,Manager,63158.29,3,0.95,4,9.13,0,9,4
EID0235,33,Female,Sales,Team Leader,81842.27,4,0.35,2,12.19,1,3,6
EID0236,46,Other,Finance,Manager,147644.25,5,0.04,1,5.12,0,5,10
EID0237,20,Female,Finance,Senior Analyst,38100.31,4,0.18,1,8.14,1,5,1
EID0238,37,Male,Sales,Senior Analyst,92244.12,1,0.39,5,13.55,0,3,10
EID0239,53,Female,Finance,Senior Analyst,51523.76,4,0.95,4,4.53,1,5,30
EID0240,36,Other,Marketing,Team Leader,146481.19,2,0.14,1,12.04,0,9,12
EID0241,43,Other,IT,Senior Analyst,43596.42,2,0.76,4,13.95,1,7,13
EID0242,20,Female,Marketing,Manager,78432.12,5,0.11,4,1.81,1,2,0
EID0243,36,Female,Sales,Analyst,118546.2,4,0.98,5,9.95,1,3,12
EID0244,37,Female,Sales,Analyst,114546.53,5,0.38,4,5.26,1,9,9
EID0245,49,Male,Marketing,Clerk,80727.44,3,0.78,2,14.49,0,0,24
EID0246,24,Female,Finance,Manager,71582.9,2,0.34,4,3.79,0,3,0
EID0247,58,Female,Finance,Senior Analyst,77713.49,5,0.63,5,17.84,1,9,32
EID0248,50,Female,Operations,Analyst,61713.15,3,0.19,5,8.62,0,9,14
EID0249,57,Other,Sales,Manager,54639.95,5,0.15,5,3.96,1,8,15
EID0250,56,Other,HR,Analyst,87964.76,4,0.94,1,8.76,1,7,37
EID0251,35,Male,Operations,Senior Analyst,62224.05,4,0.92,2,8.17,0,3,5
EID0252,57,Male,Finance,Analyst,64495.4,4,0.89,1,8.58,0,6,24
EID0253,18,Other,Marketing,Clerk,108810.73,4,0.63,3,11.71,1,9,0
EID0254,28,Other,Finance,Clerk,146224.48,1,0.81,2,10.42,0,2,3
EID0255,45,Other,Marketing,Analyst,102436.46,3,0.07,4,3,1,8,23
EID0256,42,Female,Operations,Manager,39237.54,3,0.33,5,1.31,0,9,3
EID0257,40,Female,Sales,Manager,39070.03,4,0.31,3,14.59,0,3,1
EID0258,48,Other,Finance,Manager,144170.79,1,0.64,2,11.19,0,1,26
EID0259,47,Female,Marketing,Analyst,65674.89,4,0.36,1,7.18,0,9,23
EID0260,59,Female,Sales,Manager,41048.04,1,0.15,5,16.17,0,4,31
EID0261,52,Male,HR,Senior Analyst,101885.35,4,0.6,1,7.76,1,1,8
EID0262,24,Other,Marketing,Clerk,104837.85,2,0.81,2,15.92,0,9,6
EID0263,33,Other,Operations,Senior Analyst,107820.58,2,0.38,2,6.12,0,5,8
EID0264,43,Female,HR,Manager,62088.24,5,0.13,3,1.46,1,9,7
EID0265,19,Other,HR,Senior Analyst,31813.28,4,0.2,4,18.65,1,0,1
EID0266,18,Male,IT,Manager,145801.84,3,0.24,1,7.89,1,5,0
EID0267,29,Male,Finance,Analyst,60107.17,5,0.3,3,15.85,0,3,0
EID0268,22,Male,Marketing,Senior Analyst,111123.15,2,0.64,5,5.58,0,2,4
EID0269,54,Other,HR,Analyst,114795.58,4,0.6,4,12.93,1,1,11
EID0270,49,Other,IT,Analyst,103200.89,5,0.7,3,17.47,1,6,24
EID0271,26,Other,Operations,Team Leader,67548.89,4,0.36,1,0.83,1,8,1
EID0272,58,Other,Sales,Manager,62531.55,2,0.82,2,16.61,1,2,12
EID0273,52,Other,Marketing,Clerk,101720.19,5,0.2,5,11.43,0,5,3
EID0274,36,Male,HR,Manager,133931.48,2,0.47,1,12.15,0,8,17
EID0275,33,Female,Finance,Clerk,143608.05,1,0.8,4,10.46,0,1,2
EID0276,20,Male,IT,Manager,42708.7,2,0.18,4,17.49,0,6,2
EID0277,37,Other,HR,Analyst,48579.43,4,0.11,2,0.87,0,4,13
EID0278,41,Male,Finance,Senior Analyst,143368.35,3,0.88,2,5.22,1,4,7
EID0279,50,Other,HR,Senior Analyst,118384.23,2,0.34,5,17.52,0,6,11
EID0280,41,Other,Marketing,Team Leader,135959.26,3,0.68,5,15.05,1,8,8
EID0281,28,Male,Marketing,Clerk,54315.92,1,0.03,2,0.35,1,3,5
EID0282,25,Other,Marketing,Clerk,100510.3,5,0.69,2,10.34,1,8,1
EID0283,53,Female,Operations,Clerk,114136.75,5,0.32,4,10.59,0,9,1
EID0284,55,Other,Operations,Analyst,111613.43,3,0.06,2,8.02,1,8,13
EID0285,57,Female,IT,Clerk,78978.2,5,0.61,3,5.95,0,3,5
EID0286,37,Female,Marketing,Senior Analyst,31847.39,2,0.24,1,13.63,1,2,9
EID0287,52,Other,Finance,Analyst,99951.13,3,0.39,2,4.16,0,1,30
EID0288,42,Male,HR,Manager,60372.18,4,0.08,5,15.98,1,8,16
EID0289,52,Female,Sales,Clerk,84030.51,2,0.15,3,16.06,0,1,24
EID0290,42,Male,Finance,Clerk,144909.72,2,0.3,5,8.31,1,5,11
EID0291,46,Female,Operations,Manager,77884.24,2,0.09,3,5.67,1,4,16
EID0292,35,Other,Operations,Clerk,130776.19,4,0.91,2,5.68,1,4,12
EID0293,63,Other,Finance,Manager,52624.87,1,0.01,1,9.65,1,3,18
EID0294,35,Female,Operations,Analyst,110695.26,5,0.48,5,14.39,0,5,11
EID0295,19,Other,Marketing,Senior Analyst,147240.83,3,0.12,3,7.18,0,4,1
EID0296,52,Female,IT,Manager,42227.17,1,0.31,4,12.2,0,3,24
EID0297,33,Other,HR,Team Leader,30998.39,3,0.93,2,7.65,1,8,14
EID0298,58,Male,IT,Manager,82029.94,5,0.16,1,6.09,1,5,36
EID0299,53,Other,HR,Clerk,41115.06,4,0.97,2,0.5,1,9,24
EID0300,50,Male,HR,Analyst,119806.12,2,0.21,4,0.08,1,9,15
EID0301,21,Other,IT,Analyst,139745.84,2,0.74,1,4.54,1,9,0
EID0302,50,Male,Finance,Manager,82082.52,4,0.55,4,8.13,1,2,22
EID0303,31,Other,HR,Senior Analyst,61045.4,1,0.88,2,17.03,0,9,13
EID0304,38,Male,IT,Team Leader,82128.4,1,0.55,3,15.97,0,5,5
EID0305,37,Female,HR,Analyst,116813.74,3,0.53,2,5.34,0,0,10
EID0306,25,Female,Sales,Clerk,31086.5,4,0.2,2,4.89,0,4,3
EID0307,24,Male,Finance,Clerk,100734.48,1,0.17,2,4.55,0,9,4
EID0308,20,Other,Marketing,Senior Analyst,103595,4,0.92,5,6.78,0,5,2
EID0309,34,Male,HR,Analyst,106522.59,5,0.33,4,9.96,0,7,1
EID0310,50,Other,Sales,Manager,59042.65,2,0.37,4,8.77,0,8,5
EID0311,29,Female,Marketing,Clerk,115686.33,2,0.76,4,4.37,1,2,5
EID0312,39,Other,Marketing,Senior Analyst,40966.98,2,0.34,5,2.61,1,1,17
EID0313,39,Female,HR,Analyst,53912.44,4,0.95,3,0.25,1,3,19
EID0314,63,Other,IT,Analyst,135296.41,4,0.74,2,3.08,1,7,39
EID0315,47,Other,HR,Analyst,118646.78,3,0.6,3,14.11,1,7,7
EID0316,55,Other,Sales,Analyst,31649.47,2,0.88,5,4.87,1,2,7
EID0317,55,Male,Marketing,Analyst,59805.15,3,0.05,4,9.37,1,3,32
EID0318,62,Male,HR,Clerk,55728.78,2,0.26,2,11.83,0,2,33
EID0319,25,Female,IT,Senior Analyst,62496.76,3,0.47,1,17.74,0,9,3
EID0320,44,Female,HR,Analyst,59707.17,3,0.23,1,17.78,1,1,14
EID0321,44,Male,Finance,Team Leader,37503.16,5,0.74,3,14.91,0,3,3
EID0322,51,Female,IT,Team Leader,85072.86,3,0.92,4,0.7,0,5,21
EID0323,38,Male,Sales,Senior Analyst,117928.02,4,0.42,1,11.5,0,4,7
EID0324,47,Other,Marketing,Manager,102807.81,3,0.34,3,15.73,0,2,12
EID0325,50,Female,HR,Manager,110744.6,2,0.96,5,0.35,0,1,21
EID0326,45,Female,IT,Manager,39737.9,3,0.44,3,10.99,1,8,4
EID0327,64,Male,Finance,Team Leader,144178.89,1,0.49,3,17.16,0,0,30
EID0328,50,Female,IT,Manager,130619.02,2,0.35,3,9.48,1,8,12
EID0329,22,Female,Operations,Clerk,126610.84,1,0.91,2,0.08,1,0,3
EID0330,36,Other,Finance,Analyst,128758.06,2,0.57,3,0.22,1,6,0
EID0331,21,Female,Sales,Team Leader,141925.26,4,0.76,3,8.33,0,5,3
EID0332,52,Other,Marketing,Senior Analyst,95310.48,4,0.81,2,3.1,1,6,28
EID0333,34,Male,Sales,Senior Analyst,54033.84,4,0.34,2,13.29,1,2,1
EID0334,61,Female,HR,Analyst,104014.03,1,0.43,5,14.18,1,2,6
EID0335,45,Other,IT,Team Leader,119145.78,5,0.85,4,3.56,1,0,5
EID0336,47,Male,Operations,Manager,118550.09,2,0.36,1,17.77,0,3,4
EID0337,46,Female,Finance,Manager,92573.88,4,0.79,1,8.84,1,1,28
EID0338,63,Male,Finance,Clerk,38215.05,2,0.94,3,2.86,1,9,3
EID0339,23,Female,IT,Clerk,74533.55,1,0.62,5,15.29,1,7,1
EID0340,52,Male,Operations,Manager,140491.99,5,0.74,3,15.8,1,2,21
EID0341,58,Male,IT,Senior Analyst,100133.87,1,0.81,1,12.79,0,6,4
EID0342,54,Other,HR,Senior Analyst,94599.83,2,0.85,2,17.07,1,6,22
EID0343,41,Male,Sales,Clerk,62262.42,5,0.4,4,14.75,1,8,21
EID0344,46,Female,Finance,Analyst,74213.87,5,0.05,5,17.64,1,5,27
EID0345,63,Female,HR,Manager,137441.53,1,0.4,2,8.68,1,0,14
EID0346,48,Other,Sales,Clerk,109975.57,4,0.67,4,14.95,1,7,30
EID0347,52,Female,HR,Clerk,124486.44,2,0.45,5,20,1,0,8
EID0348,50,Female,Operations,Manager,84521.45,3,0.75,5,14.5,0,2,24
EID0349,38,Female,Finance,Manager,105629.67,3,0.36,1,2.28,1,4,16
EID0350,49,Male,IT,Senior Analyst,59806.03,1,0.63,2,10.37,0,7,20
EID0351,40,Male,IT,Analyst,114655.3,2,0.19,5,11.75,0,8,8
EID0352,50,Female,Sales,Analyst,81312.16,2,0.75,5,3.48,1,6,21
EID0353,20,Other,Marketing,Manager,83105.46,1,0.55,4,19.26,0,8,2
EID0354,35,Male,Operations,Team Leader,107918.68,2,0.2,1,3.51,1,2,16
EID0355,42,Other,Sales,Clerk,142353.67,4,0.29,3,3.55,0,4,3
EID0356,59,Female,Marketing,Clerk,37680.76,1,0.75,1,18.3,1,9,28
EID0357,48,Female,HR,Manager,128969.19,4,0.48,3,9.3,0,7,14
EID0358,20,Male,Operations,Team Leader,65085.97,2,0.22,2,1.26,0,0,0
EID0359,57,Female,HR,Senior Analyst,83270.33,1,0.97,2,11.96,1,7,29
EID0360,63,Male,Finance,Manager,32629.6,2,0.72,5,12.04,0,6,28
EID0361,41,Female,Operations,Manager,66125.53,1,0.96,2,1.29,0,0,19
EID0362,49,Female,Marketing,Clerk,90315.75,2,0.43,5,19.45,0,9,0
EID0363,64,Male,Finance,Manager,36741.13,4,0.48,1,10.88,0,9,40
EID0364,39,Male,IT,Manager,88931.49,4,0.9,2,11.2,0,5,11
EID0365,40,Male,Marketing,Manager,141253.28,2,0.53,1,10.4,1,0,3
EID0366,19,Female,Sales,Clerk,42647.19,1,0.71,1,12.21,0,1,1
EID0367,44,Female,IT,Senior Analyst,121732.89,3,0.25,2,5.29,0,4,21
EID0368,59,Other,IT,Senior Analyst,79160.53,4,0.45,1,5.74,1,1,12
EID0369,19,Male,Sales,Manager,108620.85,4,0.12,2,10.23,1,9,0
EID0370,43,Female,Operations,Clerk,61228.39,3,0.21,2,16.13,1,0,7
EID0371,34,Female,IT,Senior Analyst,49139.07,2,0,2,1,0,5,12
EID0372,57,Male,Marketing,Senior Analyst,49255.51,1,0.04,3,12.07,0,7,8
EID0373,50,Other,Finance,Senior Analyst,38459.03,2,0.98,1,16.14,0,7,24
EID0374,26,Male,IT,Clerk,52277.6,5,0.24,4,3.14,0,7,7
EID0375,60,Other,Marketing,Clerk,109706.33,4,0.66,2,0.3,1,5,15
EID0376,56,Female,HR,Manager,135802.87,5,0.84,1,6.25,1,2,9
EID0377,46,Other,Marketing,Analyst,127695.08,4,0.55,5,11.76,0,0,10
EID0378,59,Female,Finance,Senior Analyst,112216.12,4,0.15,2,2.77,0,1,30
EID0379,43,Male,Marketing,Analyst,43251.82,5,0.73,2,8.52,0,4,11
EID0380,52,Male,Sales,Clerk,64702.49,5,0.6,4,11.05,0,9,30
EID0381,42,Male,Finance,Clerk,67176.83,2,0.73,3,11.98,1,4,13
EID0382,41,Other,Operations,Clerk,59994.83,5,0.77,3,5.49,1,9,18
EID0383,30,Female,HR,Analyst,91800.68,2,0.98,2,8,0,0,11
EID0384,24,Male,Sales,Clerk,94266.46,2,0.57,1,15.57,1,0,1
EID0385,53,Male,Operations,Manager,72826.32,2,0.34,5,18.82,0,8,16
EID0386,62,Female,Marketing,Clerk,72454.7,4,0.65,5,17.24,0,1,34
EID0387,37,Male,Finance,Team Leader,129426.67,4,0.07,1,11.29,1,6,0
EID0388,18,Female,HR,Analyst,124715.14,5,0.9,2,8.21,0,9,0
EID0389,25,Female,Sales,Team Leader,66935.5,4,0.12,5,6.66,1,3,4
EID0390,63,Female,Operations,Clerk,139654.61,5,0.33,3,2.5,0,6,3
EID0391,33,Female,Operations,Manager,144337.8,4,0.82,1,2.13,1,7,6
EID0392,31,Female,HR,Senior Analyst,69209.11,1,0.6,4,13.77,0,4,11
EID0393,29,Other,Marketing,Clerk,72530.99,1,0.39,2,5.2,1,0,11
EID0394,40,Male,HR,Manager,90676.1,5,0.47,1,5.09,0,3,20
EID0395,32,Other,Operations,Analyst,142934.5,4,0.85,5,19.96,0,9,4
EID0396,45,Male,IT,Team Leader,135158.33,4,0.34,2,3.76,1,2,12
EID0397,51,Other,Sales,Team Leader,42308.16,2,0.87,3,2.96,0,9,16
EID0398,19,Female,HR,Team Leader,77127.69,3,0.09,2,1.97,1,4,1
EID0399,49,Male,Operations,Analyst,96404.54,5,0.78,2,11.6,1,9,12
EID0400,40,Male,Marketing,Manager,90375.9,3,0.85,3,12.56,0,9,19
EID0401,39,Other,Operations,Analyst,53263.57,3,0.18,3,7.3,0,5,4
EID0402,42,Other,Marketing,Team Leader,133058.01,5,0.43,2,10.71,0,1,17
EID0403,39,Male,HR,Clerk,111232.89,4,0.17,3,15.77,0,6,14
EID0404,39,Other,Marketing,Senior Analyst,130549,5,0.71,1,16.36,1,2,11
EID0405,59,Other,Finance,Analyst,133051.71,3,0.54,3,19.16,0,0,14
EID0406,23,Other,Finance,Analyst,119802.7,4,0.64,3,16.49,0,9,1
EID0407,32,Female,Finance,Manager,82705.27,1,0.2,2,11.3,0,2,5
EID0408,60,Female,IT,Manager,103265.61,5,0.21,1,3.59,1,8,16
EID0409,54,Other,HR,Analyst,49243.85,5,0.04,4,2,0,9,19
EID0410,50,Other,Operations,Team Leader,110837.45,4,0.32,4,1.09,1,5,8
EID0411,25,Female,Operations,Senior Analyst,51510.39,1,0.56,5,13.33,0,5,2
EID0412,61,Female,IT,Manager,113273.95,1,0.86,3,16.15,1,3,4
EID0413,61,Male,Marketing,Team Leader,57551.78,4,0.67,3,10.17,0,7,22
EID0414,22,Male,IT,Clerk,44106.16,2,0.44,1,1.09,0,4,0
EID0415,56,Female,Marketing,Manager,49834.14,5,0.95,4,10.71,1,6,37
EID0416,21,Other,Marketing,Team Leader,30239.06,5,0.72,5,18.71,0,8,3
EID0417,23,Other,Sales,Team Leader,116248.75,3,0.93,1,11.95,0,4,5
EID0418,62,Other,Operations,Senior Analyst,117888.13,4,0.53,3,16.19,0,4,16
EID0419,49,Other,Finance,Senior Analyst,91792,3,0.26,4,16,1,3,24
EID0420,47,Male,Marketing,Clerk,49363.54,3,0.05,5,18.64,0,5,18
EID0421,64,Female,Sales,Team Leader,40026.52,1,0.73,2,15.4,1,1,32
EID0422,52,Other,Operations,Team Leader,32295.48,5,0.12,4,14.95,1,2,0
EID0423,57,Male,Finance,Senior Analyst,49889.78,3,0.3,5,4.68,1,0,12
EID0424,33,Other,Marketing,Manager,136902.66,1,0.53,1,1.2,0,1,13
EID0425,30,Female,Marketing,Manager,58984.42,4,0.56,2,10.35,1,1,10
EID0426,59,Male,IT,Analyst,72512.56,3,0.6,5,2.49,1,7,5
EID0427,47,Female,IT,Senior Analyst,42641.46,5,0.17,5,19.24,0,7,26
EID0428,36,Female,Operations,Analyst,56683.36,3,0.38,3,5.8,1,1,5
EID0429,34,Male,Finance,Senior Analyst,92306.95,4,0.62,4,17.06,1,5,0
EID0430,36,Male,Marketing,Clerk,102930.32,3,0.97,3,7.75,0,4,13
EID0431,45,Male,Operations,Team Leader,59442.28,5,0.73,2,6.46,0,2,2
EID0432,43,Male,Operations,Clerk,36927.86,1,0.92,5,18.7,1,4,22
EID0433,54,Male,HR,Senior Analyst,76923.94,5,0.76,3,7.27,0,4,9
EID0434,43,Male,IT,Team Leader,58104.4,1,0.59,4,7.81,0,4,18
EID0435,40,Male,Finance,Manager,56346.47,2,0.19,2,2.12,0,2,18
EID0436,26,Other,Marketing,Manager,145183.54,5,0.67,1,13.41,1,2,2
EID0437,29,Female,Operations,Analyst,103956.06,5,0.62,3,5.78,1,3,11
EID0438,18,Male,Marketing,Senior Analyst,96825.41,4,0.6,2,11.71,0,6,0
EID0439,18,Other,HR,Senior Analyst,79893.01,3,0.49,1,11.83,1,1,0
EID0440,64,Other,Finance,Manager,81473.32,1,0.53,3,14.38,0,9,22
EID0441,51,Other,Operations,Clerk,94908.6,1,0.33,2,14.9,0,3,3
EID0442,49,Female,Marketing,Team Leader,113571.58,4,0.52,2,10.29,0,3,19
EID0443,42,Male,IT,Clerk,114257.53,4,0.2,3,6.62,0,0,18
EID0444,57,Other,HR,Clerk,50603.27,3,0.81,2,16.75,0,9,26
EID0445,62,Female,Finance,Manager,90013.53,3,0.19,5,6.2,1,7,33
EID0446,18,Female,HR,Manager,79434.97,5,0.08,3,10.15,1,0,0
EID0447,33,Female,IT,Manager,134463.24,2,0.44,2,8.03,1,7,3
EID0448,56,Other,Finance,Analyst,105770.27,3,0.66,1,17.1,1,6,37
EID0449,22,Male,HR,Clerk,93900.49,4,0.44,1,8.64,0,8,4
EID0450,39,Other,Sales,Senior Analyst,43847.36,3,0.28,5,7.72,0,7,6
EID0451,46,Other,IT,Team Leader,102676.55,1,0.56,3,13.8,1,4,17
EID0452,20,Male,IT,Analyst,44064.47,2,0.35,2,12.05,1,7,1
EID0453,29,Male,IT,Senior Analyst,70464.79,5,0.93,2,2.14,0,9,9
EID0454,43,Male,Sales,Clerk,47141.04,1,0.92,1,10.16,0,2,21
EID0455,33,Female,Sales,Manager,113048.84,1,0.5,5,14.71,0,9,2
EID0456,54,Male,Marketing,Clerk,54750.25,2,0.33,1,19.84,1,6,8
EID0457,39,Other,Operations,Team Leader,77023.12,5,0.74,1,12.58,0,3,19
EID0458,46,Male,HR,Analyst,137480.97,4,0.04,5,7.41,0,4,9
EID0459,31,Other,Marketing,Analyst,54517.97,5,0.47,3,4.52,1,8,12
EID0460,45,Female,HR,Team Leader,90936.61,3,0.34,2,17.46,1,6,17
EID0461,22,Other,Operations,Senior Analyst,80312.6,1,0.92,3,16.29,1,3,0
EID0462,64,Other,Sales,Senior Analyst,32174.88,3,0.01,4,4.68,0,5,21
EID0463,47,Male,Operations,Analyst,125130.97,4,0.55,4,4.01,0,9,12
EID0464,63,Male,Sales,Analyst,38285.51,3,0.74,4,14.3,1,6,11
EID0465,22,Other,Operations,Manager,86910.6,5,0.49,5,6.3,0,9,1
EID0466,29,Male,Marketing,Senior Analyst,97281.4,3,0.09,1,6.13,0,8,0
EID0467,33,Female,Finance,Team Leader,105411.17,4,0.97,3,3.05,0,3,15
EID0468,43,Female,Marketing,Senior Analyst,112635.8,4,0.52,2,5.28,1,9,7
EID0469,43,Male,HR,Manager,60392.69,4,0.61,4,8.55,1,2,20
EID0470,38,Female,Marketing,Analyst,31197.45,5,0.24,3,14.66,0,7,17
EID0471,56,Male,IT,Analyst,116813.24,4,0.48,4,6.73,0,0,1
EID0472,53,Other,HR,Manager,94278.79,1,0.43,4,6.57,0,8,8
EID0473,50,Other,Operations,Team Leader,130334.12,4,0.07,2,5.7,0,0,2
EID0474,47,Female,HR,Analyst,128566.6,3,0.11,5,9.57,1,1,21
EID0475,54,Male,Finance,Clerk,131199.14,3,0.84,1,3.61,1,7,25
EID0476,40,Male,Sales,Analyst,88211.36,3,0.24,5,9.71,0,8,20
EID0477,27,Female,Operations,Clerk,70035.41,5,0.19,3,14.08,0,6,3
EID0478,22,Other,HR,Manager,124986.98,3,0.5,5,0.6,1,2,1
EID0479,53,Female,Operations,Manager,84155.29,5,0.77,3,0.2,0,6,33
EID0480,51,Other,Operations,Analyst,52013.06,5,0.06,3,1.5,1,5,7
EID0481,48,Male,Operations,Senior Analyst,132596.88,4,0.58,1,10.71,0,1,9
EID0482,27,Other,Sales,Clerk,135907.19,1,0.12,2,17.09,1,2,6
EID0483,36,Female,Marketing,Team Leader,85957.17,4,0.04,1,0.1,0,9,10
EID0484,49,Male,Operations,Analyst,39083.97,4,0.05,5,18.73,0,9,17
EID0485,18,Female,IT,Team Leader,76539.13,5,0.83,3,2.13,1,4,0
EID0486,22,Female,Finance,Analyst,126424.52,5,0.12,4,16.84,1,9,0
EID0487,62,Other,Sales,Senior Analyst,138212.88,3,0.05,4,9.66,0,3,17
EID0488,21,Female,HR,Senior Analyst,54416.73,3,0.44,3,13.19,0,1,3
EID0489,33,Other,Sales,Senior Analyst,38036.83,4,0.84,1,10.21,1,3,5
EID0490,41,Male,HR,Senior Analyst,135282.05,2,0.26,2,9.54,1,7,22
EID0491,33,Other,Sales,Manager,76728.59,2,0.42,1,16.7,0,4,13
EID0492,19,Male,HR,Manager,95011.32,3,0.04,3,15.12,0,4,1
EID0493,45,Other,Operations,Clerk,146167.9,2,0.45,3,9.67,1,9,22
EID0494,49,Female,Marketing,Team Leader,37987.77,3,0.58,2,2.23,1,2,2
EID0495,44,Other,HR,Analyst,107798.16,5,0.57,5,2.31,1,7,6
EID0496,37,Other,HR,Analyst,38892.65,4,0.33,5,16.03,1,5,14
EID0497,41,Male,IT,Manager,75056.27,1,0.32,2,10.59,1,1,20
EID0498,29,Female,HR,Analyst,126457.75,4,0.11,5,9.63,0,1,7
EID0499,52,Other,IT,Manager,82016.67,3,0.37,4,13.61,0,8,27
EID0500,50,Female,Finance,Clerk,149661.88,3,0.1,5,17.18,1,6,15
EID0501,50,Other,Operations,Team Leader,97087.11,4,0.77,5,12.58,0,9,15
EID0502,60,Other,IT,Clerk,68539.46,3,0.97,5,15.26,0,8,39
EID0503,54,Female,Marketing,Senior Analyst,56413.36,2,0.97,4,15.31,1,5,5
EID0504,29,Other,Operations,Senior Analyst,72062.46,2,0.87,5,7.13,0,4,1
EID0505,20,Female,IT,Senior Analyst,74703.99,3,0.6,4,5.48,0,0,1
EID0506,18,Other,Operations,Clerk,38245.64,3,0.7,2,16.02,0,5,0
EID0507,50,Male,Operations,Analyst,74348.9,2,0.29,1,7.54,1,5,12
EID0508,57,Female,Operations,Team Leader,85708.62,3,0.63,2,18.07,1,2,8
EID0509,27,Other,Finance,Senior Analyst,116728.53,3,0.46,1,1.39,0,2,1
EID0510,60,Other,Marketing,Senior Analyst,108807.54,4,0.48,2,1.16,0,2,16
EID0511,61,Male,Sales,Senior Analyst,115051.88,1,0.76,1,18.54,0,2,26
EID0512,46,Female,Sales,Team Leader,31003.64,2,0.28,1,12.97,0,6,28
EID0513,30,Other,IT,Senior Analyst,56120.09,4,0.32,3,7.59,0,9,4
EID0514,29,Male,Operations,Team Leader,109402.11,1,0.92,1,15.1,0,1,10
EID0515,48,Other,IT,Senior Analyst,88078.72,3,0.06,1,13.45,1,9,21
EID0516,63,Female,Finance,Clerk,30637.62,3,0.49,3,10.62,0,9,23
EID0517,19,Other,Finance,Clerk,126539.36,4,0.91,5,1.98,0,1,0
EID0518,52,Other,HR,Team Leader,122737.15,3,0.61,5,16.24,1,2,33
EID0519,40,Other,Finance,Clerk,95810.3,5,0.55,3,17.32,0,9,15
EID0520,34,Other,HR,Team Leader,37975.6,4,0.25,4,3.44,0,6,11
EID0521,43,Male,Marketing,Clerk,121981.81,1,0.34,1,17.01,0,2,22
EID0522,25,Male,IT,Clerk,100045.63,4,0.85,1,17.56,0,6,6
EID0523,46,Female,Marketing,Team Leader,123835.2,2,0.56,3,10.99,1,8,0
EID0524,43,Male,Finance,Analyst,120209.64,4,0.51,3,13.12,0,9,24
EID0525,27,Male,Marketing,Clerk,126360.25,3,0.1,4,7.64,1,3,6
EID0526,43,Female,Marketing,Senior Analyst,92160.97,3,0.02,5,5.64,0,6,5
EID0527,51,Male,Marketing,Analyst,46838.94,5,0.96,2,14.44,0,8,31
EID0528,58,Male,Finance,Team Leader,110538.9,5,0.38,5,17.24,1,7,34
EID0529,24,Female,Operations,Analyst,104456.85,5,0.6,1,13.08,0,7,0
EID0530,21,Female,Marketing,Manager,119070.38,1,0.08,3,10.23,1,8,2
EID0531,62,Female,HR,Manager,50385.72,5,0.68,4,3.18,1,4,44
EID0532,28,Other,Finance,Clerk,53397.02,1,0.93,5,1.07,1,4,4
EID0533,46,Other,Marketing,Clerk,136849.14,5,0.58,4,8.91,0,2,24
EID0534,53,Female,Operations,Senior Analyst,119997.34,1,0.13,5,0.99,0,4,12
EID0535,42,Female,Finance,Analyst,138987.42,4,0.58,1,11.39,0,7,21
EID0536,38,Female,Sales,Manager,121045.84,4,0.77,2,7.65,0,4,4
EID0537,53,Other,Operations,Clerk,101658.64,3,0.41,4,15.14,1,3,31
EID0538,27,Other,HR,Analyst,108495.93,1,0.88,4,6.11,0,7,2
EID0539,54,Male,Marketing,Clerk,136695.35,2,0.65,2,11.86,0,6,20
EID0540,26,Male,Sales,Clerk,99456.81,3,0.9,4,10.75,1,5,7
EID0541,41,Female,Sales,Manager,105886.96,4,0.62,4,0.09,1,4,17
EID0542,52,Other,Finance,Manager,48777.21,1,0.13,5,1.45,0,4,20
EID0543,52,Other,Sales,Clerk,86870.55,5,0.31,5,5.81,1,9,9
EID0544,53,Other,HR,Team Leader,115967.65,2,0.2,2,17.64,1,1,23
EID0545,35,Female,HR,Clerk,62513.12,4,0.91,1,2.94,1,3,7
EID0546,56,Male,IT,Clerk,54270.5,3,0.76,4,14.22,1,7,20
EID0547,49,Female,HR,Senior Analyst,67659.22,1,0.68,1,19.47,1,7,24
EID0548,41,Male,Operations,Senior Analyst,58980.08,2,0.3,2,15.81,0,0,19
EID0549,40,Male,Sales,Senior Analyst,55789.52,1,0.18,2,4.86,0,1,22
EID0550,49,Female,HR,Team Leader,80982.1,5,0.76,5,18.17,0,4,21
EID0551,54,Male,Finance,Team Leader,138940.62,3,0.47,4,1.86,0,8,3
EID0552,29,Male,IT,Clerk,90847.16,1,0.23,3,9.36,0,9,1
EID0553,30,Other,Sales,Senior Analyst,52550.45,4,0.62,2,17.75,0,6,7
EID0554,40,Male,IT,Team Leader,39236.6,3,0.04,4,12.83,0,9,5
EID0555,42,Female,Sales,Manager,113538.74,4,0.33,1,8.27,1,4,2
EID0556,52,Female,Finance,Clerk,75935.85,1,0.47,5,5.86,0,0,22
EID0557,58,Male,IT,Analyst,128619.71,3,0.15,1,7.5,0,5,5
EID0558,47,Other,Marketing,Clerk,109141.29,4,0.98,2,10.18,0,7,15
EID0559,34,Other,Operations,Analyst,125548.97,5,0.21,2,6.38,1,6,1
EID0560,37,Male,Operations,Senior Analyst,62633.52,5,0.13,1,19.38,0,1,16
EID0561,42,Male,Sales,Analyst,113083.07,1,0.2,2,18.66,0,4,12
EID0562,39,Female,Marketing,Senior Analyst,61687.44,3,0.77,4,17.41,1,3,0
EID0563,30,Male,IT,Manager,142688.22,2,0.43,2,8.44,0,8,5
EID0564,36,Other,Marketing,Analyst,106364.91,3,0.57,5,13.83,0,9,4
EID0565,53,Male,Marketing,Clerk,68941.42,5,0.02,4,18.06,1,0,28
EID0566,29,Female,IT,Senior Analyst,62341.42,4,0.03,3,17.01,0,5,11
EID0567,58,Female,Finance,Clerk,52911.19,2,0.45,2,8.29,1,2,38
EID0568,36,Female,Marketing,Team Leader,113356.92,1,0.82,2,2.25,0,8,14
EID0569,29,Female,Marketing,Senior Analyst,56245.87,2,0.89,5,1.51,0,4,2
EID0570,26,Female,Finance,Analyst,101436.39,1,0.09,5,11.54,0,5,0
EID0571,24,Male,Marketing,Senior Analyst,61756.2,2,0.54,1,12.85,1,8,2
EID0572,45,Male,Marketing,Clerk,109436.27,1,0.91,1,17,1,8,15
EID0573,31,Male,Marketing,Manager,127792.77,1,0.39,1,5.85,1,7,7
EID0574,48,Male,Operations,Senior Analyst,123363.03,2,0.83,5,3.35,0,8,29
EID0575,36,Female,HR,Analyst,121302.16,2,0.13,1,7.58,0,3,11
EID0576,64,Other,Finance,Team Leader,52526.69,1,0.94,1,7.07,1,5,18
EID0577,33,Male,Marketing,Manager,40606.19,5,0.75,3,2.65,1,4,10
EID0578,22,Other,Operations,Team Leader,113873.86,2,0.94,1,13.45,0,4,3
EID0579,52,Male,Finance,Senior Analyst,74201.67,3,0.68,2,10.17,0,3,1
EID0580,29,Male,Sales,Clerk,81881.55,4,0.36,5,14.42,0,1,0
EID0581,42,Other,Sales,Clerk,33737.89,1,0.94,4,7.05,0,5,6
EID0582,38,Female,Marketing,Analyst,61149.17,1,0.28,3,6.51,1,8,12
EID0583,53,Male,Operations,Clerk,34041.17,4,0.33,5,9.45,0,0,31
EID0584,40,Male,Operations,Manager,135502.29,5,0.7,5,17.55,0,6,0
EID0585,33,Male,Finance,Clerk,59207.6,4,0.77,2,0.81,0,5,5
EID0586,56,Other,Finance,Analyst,96880.46,2,0.93,1,16.1,0,2,12
EID0587,62,Female,Operations,Senior Analyst,34677.52,4,0.2,2,7.38,0,0,10
EID0588,59,Other,Finance,Senior Analyst,110021.69,1,0.8,1,17.09,0,3,9
EID0589,56,Other,Operations,Clerk,68763.28,4,0.74,1,16.04,0,8,25
EID0590,31,Female,HR,Team Leader,137750.3,3,0.06,5,6.98,1,1,7
EID0591,48,Other,Operations,Senior Analyst,136574.18,2,0.39,1,13.88,1,2,22
EID0592,22,Female,Sales,Clerk,69034.87,4,0.28,3,3.19,1,1,3
EID0593,52,Male,Finance,Analyst,138115.31,1,0.3,3,17.93,0,1,16
EID0594,40,Female,Operations,Clerk,149538.92,2,0.98,3,8.09,1,9,16
EID0595,46,Male,Operations,Senior Analyst,129049.88,1,0.64,5,9.11,0,7,3
EID0596,60,Other,Finance,Analyst,131384.56,5,0.72,2,14.12,0,2,4
EID0597,28,Other,HR,Clerk,59881.05,3,0.98,4,16.42,0,6,6
EID0598,35,Male,HR,Manager,99204.29,5,0.38,1,4.73,0,7,13
EID0599,64,Other,Finance,Analyst,38070.71,3,0.8,4,13.23,1,2,9
EID0600,29,Female,IT,Manager,41390.15,4,0.43,2,7.84,0,1,11
EID0601,26,Male,Finance,Team Leader,149867.11,2,0.87,2,7.37,0,7,0
EID0602,27,Other,Finance,Analyst,69196.71,4,0.18,5,13.8,1,2,9
EID0603,61,Male,HR,Manager,119782.07,3,0.95,3,7.74,1,6,28
EID0604,34,Female,HR,Senior Analyst,126799.81,3,0.22,3,6.92,1,0,7
EID0605,55,Female,Finance,Senior Analyst,132962.79,3,0.33,2,16.72,0,5,9
EID0606,24,Other,Finance,Team Leader,149715.4,1,0.76,5,2.03,1,8,1
EID0607,63,Female,Finance,Analyst,58979.58,2,0.39,5,13.52,0,2,41
EID0608,30,Male,HR,Analyst,34842.1,4,0.61,1,4.97,0,6,4
EID0609,57,Female,Finance,Analyst,79342.98,4,0.44,3,0.31,1,5,9
EID0610,59,Male,Finance,Team Leader,45609.68,5,0.74,2,3.34,1,7,20
EID0611,26,Male,Marketing,Analyst,32691.11,3,0.23,4,12.13,1,2,7
EID0612,44,Female,IT,Senior Analyst,73251.22,3,0.06,3,14.18,0,2,5
EID0613,19,Other,Sales,Manager,124048.59,3,0.3,1,0.42,0,3,0
EID0614,22,Female,IT,Senior Analyst,97941.68,4,0.47,5,0.73,0,2,0
EID0615,46,Male,Marketing,Senior Analyst,67533.36,5,0.17,2,18.05,0,8,4
EID0616,54,Male,Sales,Manager,108521.04,1,0.35,3,1.47,0,3,1
EID0617,55,Female,Finance,Senior Analyst,57842.18,2,0.4,4,17.88,0,5,1
EID0618,36,Other,Marketing,Team Leader,31725.77,1,0.06,1,4.56,1,7,6
EID0619,25,Other,Finance,Manager,121722.41,4,0.58,1,14.8,0,7,0
EID0620,62,Male,HR,Senior Analyst,104849.17,3,0.88,3,6.19,1,4,41
EID0621,18,Male,Operations,Clerk,121476.31,2,0.15,4,17.18,1,4,0
EID0622,39,Other,Marketing,Senior Analyst,34672.56,4,0.6,1,14.01,1,5,11
EID0623,34,Female,HR,Team Leader,130454.36,4,0.66,2,8.04,1,9,1
EID0624,24,Male,Marketing,Analyst,104343.14,4,0.42,1,1.53,1,6,1
EID0625,42,Male,Marketing,Senior Analyst,97607.44,2,0.7,4,14.65,0,9,19
EID0626,62,Other,HR,Analyst,104953.69,2,0.41,5,12.34,0,6,32
EID0627,21,Female,Sales,Clerk,133731.99,5,0.5,5,0.06,0,3,3
EID0628,53,Other,IT,Senior Analyst,100432.38,5,0.01,3,0.19,0,5,10
EID0629,23,Female,Finance,Manager,99714.05,1,0.69,4,16.18,1,6,4
EID0630,48,Female,Marketing,Analyst,148881.5,2,0.66,1,5.19,1,4,9
EID0631,36,Female,Finance,Clerk,120807.62,2,0.04,1,12.72,1,4,14
EID0632,61,Male,Operations,Manager,83075.26,2,0.37,5,9.08,0,1,4
EID0633,56,Other,HR,Manager,114887.64,5,0.98,5,17.27,0,6,24
EID0634,44,Other,Finance,Manager,76707.66,4,0.42,2,18.34,0,5,16
EID0635,27,Female,HR,Manager,57465.06,3,0.5,5,19.94,0,0,4
EID0636,43,Male,Finance,Senior Analyst,101622.23,5,0.91,2,3.07,1,3,1
EID0637,36,Male,IT,Senior Analyst,141381.85,2,0.72,1,17.26,1,2,8
EID0638,56,Other,IT,Senior Analyst,141496.74,5,0.58,2,5.32,0,2,5
EID0639,20,Male,IT,Clerk,71028.63,1,0.8,2,11.82,0,6,1
EID0640,62,Male,IT,Clerk,93321.3,2,0.86,3,10.12,1,9,13
EID0641,30,Female,IT,Clerk,55396.31,1,0.46,5,0.36,1,3,2
EID0642,45,Male,IT,Team Leader,149475.73,2,0.48,2,18.66,1,7,13
EID0643,37,Female,HR,Clerk,147734.15,5,0.39,1,1.57,1,8,7
EID0644,45,Other,Marketing,Senior Analyst,107941.07,4,0.97,4,13.76,0,2,16
EID0645,25,Male,Finance,Senior Analyst,126529.69,3,0.7,2,15.7,1,4,3
EID0646,58,Other,IT,Team Leader,115812.02,1,0.08,5,15.91,1,3,34
EID0647,56,Other,HR,Team Leader,101178.99,5,0.86,3,2.71,1,9,28
EID0648,18,Male,HR,Clerk,36401.76,4,0.48,1,8.95,1,5,0
EID0649,20,Male,HR,Analyst,84571.72,5,0.07,3,16.59,0,9,1
EID0650,30,Other,Marketing,Team Leader,110974.36,1,0.55,4,6.05,0,3,0
EID0651,45,Male,Finance,Manager,111303.79,3,0.42,2,9.35,0,7,26
EID0652,42,Female,Marketing,Senior Analyst,74774.71,5,0.88,2,5.46,0,2,10
EID0653,50,Female,Sales,Manager,143003.04,2,0.2,5,9.27,0,4,7
EID0654,55,Male,HR,Senior Analyst,50082.84,4,0.83,2,17.76,0,0,0
EID0655,23,Other,Sales,Senior Analyst,90043.13,5,0.56,1,9.1,1,5,4
EID0656,61,Male,Operations,Team Leader,112906.08,4,0.05,4,11.12,1,4,35
EID0657,62,Male,IT,Team Leader,113656.3,2,0.97,3,8.08,1,7,6
EID0658,49,Other,IT,Manager,107836.67,3,0.51,4,9.2,1,8,13
EID0659,62,Other,Marketing,Senior Analyst,63034.59,3,0.29,2,0.3,0,7,4
EID0660,64,Female,Finance,Manager,48744.79,2,0.47,3,5.67,1,7,23
EID0661,38,Other,Sales,Analyst,106312.84,4,0.86,5,8.73,0,2,10
EID0662,33,Female,Finance,Manager,101916.25,5,0.3,4,12.68,1,3,0
EID0663,38,Other,Marketing,Clerk,51522.72,2,0.19,3,9,1,3,4
EID0664,28,Male,IT,Manager,114616.7,1,0.13,3,6.76,1,4,3
EID0665,54,Female,Finance,Clerk,84620.64,4,0.3,3,7.76,0,8,2
EID0666,53,Female,Finance,Clerk,110131.27,3,0.78,1,4.85,1,8,25
EID0667,52,Female,IT,Clerk,130484.05,2,0.47,4,18.49,0,9,14
EID0668,36,Male,Sales,Analyst,50367.41,3,0.23,3,10.43,0,0,18
EID0669,37,Male,IT,Manager,32297.38,4,0.17,4,0.27,1,7,15
EID0670,35,Male,Finance,Manager,123492.31,3,0.33,3,0.39,0,0,7
EID0671,64,Male,Sales,Analyst,103163.69,2,0.94,5,19.46,0,1,12
EID0672,58,Male,Sales,Senior Analyst,113956.75,4,0.34,5,4.43,1,6,2
EID0673,31,Female,IT,Team Leader,130578.6,1,0.99,5,16.11,1,7,0
EID0674,32,Male,Finance,Manager,126337.31,2,0.49,2,1.17,1,0,8
EID0675,48,Female,Marketing,Team Leader,145310.42,5,0.18,3,18.42,1,2,30
EID0676,18,Male,Finance,Analyst,94312.21,2,0.89,2,17.49,1,6,0
EID0677,20,Other,HR,Senior Analyst,88619.48,4,0.46,4,11.42,1,8,0
EID0678,33,Female,Operations,Senior Analyst,78226.46,2,0.71,2,0.18,0,7,5
EID0679,40,Other,Marketing,Senior Analyst,48442.93,1,0.98,4,5.16,1,7,16
EID0680,28,Female,Sales,Analyst,98712.87,1,0.05,4,8.14,1,8,7
EID0681,29,Other,Marketing,Clerk,63241.5,5,0.1,4,9.2,0,9,1
EID0682,27,Male,Sales,Clerk,140556.9,3,0.72,2,5.95,1,2,8
EID0683,49,Male,Sales,Team Leader,99982.9,4,0.28,3,0.66,0,7,29
EID0684,33,Male,Marketing,Clerk,101140.82,4,0.18,2,11.8,1,0,7
EID0685,25,Female,Sales,Clerk,72590.96,3,0.04,3,10.48,1,7,2
EID0686,55,Other,Sales,Senior Analyst,36238.72,1,0.02,3,5.66,0,6,12
EID0687,29,Male,HR,Senior Analyst,33809.25,1,0.77,4,0.76,1,7,4
EID0688,41,Other,Finance,Team Leader,80800.22,2,0.13,2,19.89,0,0,8
EID0689,45,Other,Finance,Manager,40147.85,5,0.47,3,9.64,1,5,12
EID0690,25,Male,Operations,Team Leader,102821.63,5,0.61,5,15.12,1,6,0
EID0691,45,Male,Operations,Team Leader,135716.76,5,0.43,3,9.05,0,4,24
EID0692,53,Other,HR,Analyst,135949.78,2,0.03,5,0.86,1,4,3
EID0693,43,Male,Operations,Analyst,109085.45,5,0.78,2,6.19,1,6,3
EID0694,25,Male,Marketing,Team Leader,55347.82,3,0.01,2,6.4,0,2,6
EID0695,45,Male,IT,Team Leader,133559.62,2,0.76,2,16.77,1,5,19
EID0696,45,Female,IT,Team Leader,136331.21,3,0.89,3,13.08,0,6,9
EID0697,54,Other,IT,Clerk,53598.43,2,0.43,1,5.51,1,0,27
EID0698,58,Other,HR,Analyst,118491.13,5,0.54,3,19.35,0,1,5
EID0699,53,Female,HR,Team Leader,64382.35,3,0.48,3,6.43,1,3,26
EID0700,44,Other,Sales,Senior Analyst,126316.84,3,0.39,4,19.96,0,7,23
EID0701,34,Male,IT,Senior Analyst,149668.55,3,0.89,4,19.92,0,9,11
EID0702,26,Other,Marketing,Clerk,33603.12,2,0.89,3,3.82,1,5,3
EID0703,50,Male,Operations,Clerk,137683.9,4,0.34,5,6.25,1,0,2
EID0704,37,Female,Marketing,Manager,104715.66,5,0.62,4,9.72,0,9,13
EID0705,30,Male,Operations,Manager,146805.91,3,0.93,3,13.28,1,4,0
EID0706,45,Other,IT,Manager,85801.14,4,0.96,1,10.56,0,6,9
EID0707,46,Other,IT,Clerk,131686.55,5,0.51,5,19.39,1,5,14
EID0708,30,Other,IT,Clerk,37487.29,5,0.45,2,14.48,1,8,6
EID0709,63,Female,HR,Clerk,70233.49,3,0.28,3,4.24,0,7,35
EID0710,52,Female,Operations,Senior Analyst,38041.98,3,0.96,3,2.1,0,3,13
EID0711,23,Other,HR,Clerk,147041.18,2,0.14,5,13.77,1,4,5
EID0712,35,Male,HR,Senior Analyst,128036.87,4,0.58,4,3.17,1,6,2
EID0713,22,Female,Finance,Manager,132305.69,4,0.28,4,15.75,1,7,0
EID0714,64,Other,Marketing,Manager,142555.83,3,0.28,4,6.22,1,4,45
EID0715,42,Other,Marketing,Manager,40212.42,5,0.4,2,6.54,1,8,17
EID0716,19,Female,Sales,Team Leader,76271.71,3,1,5,0.22,0,9,0
EID0717,27,Female,HR,Team Leader,38524.19,5,0.05,5,14.02,1,3,5
EID0718,47,Female,Operations,Analyst,55295.17,5,0.58,4,2.27,1,3,18
EID0719,62,Male,Finance,Analyst,57523.89,3,0.08,4,15.46,0,7,34
EID0720,22,Male,Finance,Analyst,86292.87,1,0.15,1,9.84,0,0,3
EID0721,50,Other,Marketing,Team Leader,62227.46,4,0.44,1,15.69,0,7,4
EID0722,18,Female,HR,Team Leader,42117.37,5,0.51,3,11.68,1,4,0
EID0723,35,Male,Sales,Analyst,50098.93,5,0.26,3,1.65,0,0,9
EID0724,49,Female,HR,Analyst,47673.07,1,0.32,5,15.31,0,3,8
EID0725,64,Other,IT,Clerk,146769.22,2,0.09,5,1.4,0,1,32
EID0726,28,Male,HR,Analyst,121115.1,1,0.3,2,9.57,0,3,2
EID0727,38,Male,IT,Clerk,146131.38,1,0.97,2,3.45,1,7,18
EID0728,43,Male,IT,Senior Analyst,82768.86,5,0.94,1,15.05,1,4,10
EID0729,42,Other,Sales,Team Leader,63404.22,4,0.33,3,18.23,1,0,15
EID0730,39,Female,Operations,Analyst,125795.18,1,0.57,1,11.08,0,6,5
EID0731,44,Male,Marketing,Team Leader,69150.47,2,0.91,1,10.54,0,0,23
EID0732,30,Other,HR,Team Leader,65926,3,0.01,3,15.28,0,8,2
EID0733,50,Female,IT,Team Leader,57900.72,1,0.81,2,0.1,0,2,18
EID0734,51,Other,HR,Senior Analyst,45561.48,1,0.95,3,18.36,0,2,5
EID0735,58,Female,Operations,Manager,60775.57,2,0.09,4,3.95,0,5,39
EID0736,52,Other,Marketing,Analyst,72638.37,4,0.16,4,19.68,1,9,34
EID0737,18,Female,Operations,Manager,110879.3,1,0.96,4,14.73,1,5,0
EID0738,38,Male,Marketing,Manager,37507.78,1,0.54,5,15.49,0,5,3
EID0739,23,Female,Finance,Manager,55260.83,4,0.01,2,13.12,1,0,0
EID0740,45,Other,Marketing,Team Leader,127082.84,2,0.26,2,9.43,0,4,12
EID0741,34,Other,Sales,Clerk,47630.63,1,0.45,5,11.43,0,5,3
EID0742,22,Female,Operations,Team Leader,71117.42,4,0.69,1,0.93,1,7,2
EID0743,48,Male,IT,Team Leader,133759.07,1,0.73,4,12.48,0,0,18
EID0744,22,Male,Finance,Manager,48591.04,3,1,4,12.52,1,4,2
EID0745,55,Female,Sales,Team Leader,39928.42,5,0.29,1,17.82,0,2,11
EID0746,20,Female,HR,Manager,88144.56,3,0.54,3,10.11,0,1,2
EID0747,40,Other,Operations,Clerk,66290.34,1,0.53,3,1.54,1,7,5
EID0748,54,Male,IT,Analyst,97609,2,0.41,2,6.12,0,6,11
EID0749,54,Female,Marketing,Manager,126456.59,5,0.17,5,13.11,0,9,26
EID0750,27,Male,IT,Clerk,46457.82,3,0.98,2,4.79,0,6,8
EID0751,27,Female,HR,Analyst,99683.89,4,0.85,3,5.61,1,4,8
EID0752,36,Female,Finance,Senior Analyst,90661.05,2,0.5,1,16.41,0,8,9
EID0753,34,Male,Finance,Manager,47289.45,3,0.6,2,11.69,0,4,2
EID0754,38,Female,Operations,Manager,104879.82,4,0.23,4,10.17,0,1,2
EID0755,31,Female,Finance,Senior Analyst,62836.85,1,0.54,4,6.37,1,2,3
EID0756,26,Other,Operations,Senior Analyst,88540.12,4,0.69,1,14.62,1,3,6
EID0757,63,Female,Operations,Manager,39872.68,3,0.52,3,5.75,1,4,2
EID0758,18,Female,Operations,Senior Analyst,85150.09,3,0.99,4,14.74,1,2,0
EID0759,62,Female,Marketing,Team Leader,66775.62,1,0.61,4,1.4,1,6,41
EID0760,30,Other,Sales,Analyst,128685.75,4,0.37,5,17.29,0,4,7
EID0761,21,Male,Operations,Analyst,36837.45,4,0.77,2,9.99,1,4,2
EID0762,18,Other,Operations,Analyst,80232.87,1,0.17,3,8.77,1,5,0
EID0763,57,Other,Sales,Team Leader,85011.77,4,0.38,2,12.22,0,6,39
EID0764,49,Male,IT,Senior Analyst,117000.73,1,0.35,3,12.48,1,9,5
EID0765,51,Other,Operations,Clerk,98914.51,2,0.43,4,2.64,0,9,19
EID0766,45,Male,Marketing,Senior Analyst,110065.48,3,0.78,5,15.12,1,7,10
EID0767,48,Other,Finance,Manager,123245.91,2,0.48,2,5.52,0,8,27
EID0768,25,Male,Finance,Analyst,133464.36,5,0.79,4,18.1,0,3,2
EID0769,56,Female,HR,Senior Analyst,67665.06,5,0.58,3,16.36,1,4,20
EID0770,43,Other,HR,Clerk,94562.72,5,0.34,2,6.93,1,4,11
EID0771,51,Other,Finance,Manager,130812.97,1,0.81,2,16.15,0,7,12
EID0772,20,Other,Finance,Team Leader,148734.14,4,0.24,4,7.13,0,8,1
EID0773,29,Other,Marketing,Team Leader,136742.32,2,0.22,2,2.02,0,6,2
EID0774,18,Female,Sales,Clerk,74576.07,2,0.5,5,19.24,0,4,0
EID0775,61,Other,HR,Manager,53419.98,2,0.26,5,13.05,0,2,21
EID0776,22,Female,Sales,Analyst,88727.1,2,0.01,4,9.12,0,0,3
EID0777,47,Female,Marketing,Senior Analyst,118996.97,5,0.65,3,7.96,0,8,20
EID0778,47,Female,Finance,Manager,89108.29,2,0.51,4,6.49,1,4,13
EID0779,34,Female,Operations,Team Leader,87981.7,4,0.45,5,19.63,0,8,13
EID0780,64,Male,Sales,Clerk,130587.65,5,0.97,1,2.69,1,9,36
EID0781,40,Male,Finance,Clerk,73368.45,2,0.57,1,6.3,1,3,20
EID0782,32,Other,Finance,Senior Analyst,133175.36,1,0.86,2,9.71,0,4,13
EID0783,54,Male,IT,Clerk,78816.58,3,0.14,2,9.56,0,3,24
EID0784,38,Male,Sales,Clerk,69387.97,3,0.57,1,9.43,1,1,7
EID0785,31,Other,Operations,Manager,84478.79,3,0.87,5,3.52,0,0,11
EID0786,19,Other,Sales,Analyst,121493.64,5,0.58,2,2.9,0,7,1
EID0787,28,Other,Finance,Senior Analyst,45120.24,2,0.72,4,5.1,1,3,6
EID0788,56,Male,Operations,Manager,53570.31,5,0.37,4,18.29,1,4,30
EID0789,55,Male,Marketing,Analyst,144173.38,4,0.09,5,2.26,1,5,28
EID0790,51,Other,IT,Manager,51059,1,0.46,2,15.15,0,7,29
EID0791,55,Female,Finance,Manager,98127.28,1,0.39,4,15.15,0,7,25
EID0792,51,Other,HR,Clerk,99517.74,3,0.87,2,16.2,1,6,19
EID0793,35,Female,HR,Analyst,88754.94,3,0.24,2,17.73,0,3,5
EID0794,47,Female,IT,Senior Analyst,107369.43,3,0.97,4,5.26,1,5,18
EID0795,32,Other,Marketing,Senior Analyst,57579.21,2,0.96,1,4.49,0,3,10
EID0796,44,Other,Finance,Analyst,96319.47,4,0.25,4,9.31,1,6,24
EID0797,51,Other,Sales,Clerk,74660.79,4,0.35,5,5.3,0,0,22
EID0798,55,Male,IT,Team Leader,109400.07,4,0.9,3,14.69,1,4,28
EID0799,50,Female,Marketing,Manager,46946.83,4,0.97,4,12.72,0,9,14
EID0800,41,Male,Sales,Clerk,98505.29,3,0.44,2,17.5,0,9,2
EID0801,32,Male,HR,Analyst,52232.44,1,0.32,2,1.65,1,3,9
EID0802,47,Other,HR,Manager,63437.17,3,0.53,4,18.3,0,6,14
EID0803,59,Male,Sales,Senior Analyst,56245.18,4,0.69,3,5.87,0,8,15
EID0804,34,Other,IT,Team Leader,51940.53,3,0.27,4,9.81,1,4,16
EID0805,22,Female,HR,Senior Analyst,129085.31,4,0.74,3,8.77,0,3,2
EID0806,46,Other,Finance,Analyst,64284.91,5,0.05,3,15.21,0,8,10
EID0807,21,Male,Operations,Manager,141254.85,1,0.05,5,8.41,0,4,3
EID0808,27,Male,Sales,Analyst,146391.18,5,0.39,2,18.87,1,8,4
EID0809,34,Other,Sales,Manager,98551.26,2,0.35,2,18.05,1,7,4
EID0810,27,Other,HR,Clerk,47160.13,3,0.32,3,17.44,1,3,9
EID0811,34,Male,IT,Team Leader,74945.79,2,0.49,2,1.43,1,6,13
EID0812,37,Female,Finance,Clerk,125727.87,3,0.32,1,17.09,1,4,17
EID0813,41,Female,IT,Clerk,74086.89,5,0.19,3,15.63,0,9,7
EID0814,22,Other,Marketing,Analyst,40442.07,4,0.31,2,2.07,0,3,4
EID0815,51,Female,Marketing,Team Leader,96814.19,4,0.97,1,2.15,1,4,6
EID0816,23,Male,Operations,Manager,131414.5,3,0.41,5,2.02,0,4,5
EID0817,19,Other,HR,Manager,125511.17,4,0.44,2,0.23,0,8,0
EID0818,30,Male,HR,Senior Analyst,51014.78,5,0.58,1,10.97,0,8,7
EID0819,60,Male,HR,Manager,110731.75,4,0.98,4,19.47,0,5,40
EID0820,60,Female,Operations,Analyst,56460.51,5,0.24,4,8.77,1,3,3
EID0821,28,Other,Marketing,Clerk,56184.9,2,0.68,1,10.82,1,1,3
EID0822,64,Other,IT,Clerk,134888.61,5,0.72,3,19.36,0,2,16
EID0823,40,Female,Operations,Clerk,59960.27,1,0.61,3,5.1,0,1,14
EID0824,33,Male,Operations,Team Leader,61589.68,1,0.09,2,17.17,1,4,3
EID0825,48,Male,IT,Manager,30078.41,1,0.68,4,10.93,0,5,5
EID0826,28,Male,HR,Analyst,134480.28,3,0.06,3,11.39,0,4,3
EID0827,33,Male,Finance,Team Leader,125111.38,3,0.6,3,6.86,0,1,5
EID0828,25,Other,IT,Senior Analyst,105279.47,3,0.74,4,11.23,1,4,4
EID0829,21,Other,Marketing,Analyst,120031.89,5,0.21,5,1.46,1,8,3
EID0830,57,Female,Sales,Analyst,48245.83,3,0.84,3,15.29,0,3,9
EID0831,21,Female,Sales,Analyst,84998.83,2,0.03,1,5.69,0,9,0
EID0832,42,Other,Operations,Clerk,72146.33,1,0.84,2,17.75,0,1,3
EID0833,20,Other,Sales,Analyst,41253.18,5,0.46,3,7.36,0,2,0
EID0834,49,Male,Finance,Manager,88335.66,1,0.22,3,2.86,0,2,13
EID0835,20,Male,HR,Analyst,140488.76,3,0.13,5,13.92,0,8,1
EID0836,44,Female,Marketing,Clerk,34807.09,5,0.95,1,3.29,1,3,3
EID0837,46,Other,Finance,Analyst,64975.31,4,0.07,2,15.07,1,0,17
EID0838,49,Female,Marketing,Senior Analyst,54904.91,2,0.2,3,19.36,0,0,12
EID0839,36,Other,Marketing,Senior Analyst,58577.6,3,0.35,2,15.59,1,6,12
EID0840,38,Male,HR,Clerk,139012.15,3,0.62,4,0.45,0,6,13
EID0841,22,Female,Operations,Manager,86168.29,2,0.54,3,12,0,1,1
EID0842,35,Female,Sales,Manager,85955.93,2,0.13,3,13.91,1,8,0
EID0843,45,Other,HR,Team Leader,121269.08,4,0.29,4,16.51,1,8,20
EID0844,59,Male,Finance,Clerk,48539.06,3,0.24,5,1.12,0,4,15
EID0845,39,Female,Operations,Analyst,88471.84,3,0.21,3,9.6,0,2,14
EID0846,38,Male,Finance,Clerk,81598.23,1,0.41,2,10.71,1,2,4
EID0847,23,Female,Operations,Team Leader,101629.28,5,0.7,1,3.38,1,2,4
EID0848,18,Male,Finance,Clerk,149946.92,5,0.22,2,6.45,0,5,0
EID0849,22,Other,HR,Clerk,122333.87,1,0.37,5,8.8,0,3,2
EID0850,58,Female,Operations,Team Leader,77743.88,5,0.39,1,16.66,0,7,11
EID0851,29,Female,Operations,Manager,129306.37,2,0.98,2,18.59,1,4,3
EID0852,43,Male,Marketing,Analyst,50485,5,0.95,2,12.57,0,0,0
EID0853,63,Male,Marketing,Team Leader,33655.64,5,0.8,4,7.9,1,8,35
EID0854,51,Female,IT,Senior Analyst,54533.8,1,0.24,5,5.08,0,0,32
EID0855,31,Other,Finance,Manager,70849.39,4,0.07,4,19.64,1,5,4
EID0856,43,Male,Marketing,Senior Analyst,91269.69,5,0.32,1,19.66,1,0,7
EID0857,62,Male,IT,Manager,103815.5,5,0.27,4,18.5,1,2,36
EID0858,44,Male,Marketing,Analyst,139272.69,4,0.51,5,15.71,1,9,25
EID0859,26,Female,Finance,Analyst,91182.48,1,0.78,3,6.52,0,4,1
EID0860,43,Female,Operations,Clerk,90153.08,4,0.86,3,16.34,1,9,11
EID0861,64,Female,Sales,Senior Analyst,36029.16,1,0.84,1,8.18,1,6,21
EID0862,39,Female,Finance,Manager,34189.39,2,0.36,3,6.54,1,9,16
EID0863,64,Other,HR,Analyst,96139.2,1,0.69,4,14.9,0,7,6
EID0864,47,Other,Marketing,Team Leader,82581.43,2,0.31,1,1.59,0,8,10
EID0865,60,Female,Marketing,Analyst,130701.65,2,0.06,5,0.97,0,5,3
EID0866,34,Other,Operations,Team Leader,49281.55,1,0.7,1,8.96,0,8,4
EID0867,43,Male,HR,Manager,32996.6,3,0.01,1,8.91,0,7,5
EID0868,53,Male,Operations,Analyst,83884.65,1,0.41,2,17.91,0,8,31
EID0869,18,Male,HR,Analyst,58497.43,5,0.33,2,2.52,1,9,0
EID0870,25,Female,Sales,Manager,35953.72,5,0.69,1,2.47,1,3,2
EID0871,52,Male,Marketing,Analyst,116951.79,3,0.77,3,2.95,1,8,0
EID0872,32,Other,Marketing,Team Leader,43391.16,2,0.3,2,0.59,0,6,8
EID0873,64,Female,Sales,Analyst,102998.34,3,0.81,5,1.43,1,4,41
EID0874,39,Other,IT,Senior Analyst,63725.97,5,0.29,4,13.2,1,4,19
EID0875,31,Male,Operations,Clerk,50819.53,3,0.45,2,8.63,0,0,7
EID0876,43,Male,Sales,Team Leader,75570.18,1,0.73,1,15.27,1,1,20
EID0877,45,Male,Operations,Senior Analyst,126173.49,3,0.69,3,19.85,0,9,10
EID0878,40,Female,Finance,Manager,77051.23,2,0.99,4,13.18,1,2,16
EID0879,31,Other,Marketing,Team Leader,120092.36,1,0.23,2,1.01,0,7,7
EID0880,41,Female,Operations,Clerk,45058.36,4,0.66,3,2.09,0,5,12
EID0881,19,Female,HR,Clerk,122732.57,5,0.61,3,17.62,0,9,0
EID0882,62,Male,Operations,Manager,58432,5,0.92,3,10.55,1,4,17
EID0883,43,Female,Finance,Manager,111287.18,3,0.16,1,16.5,1,0,21
EID0884,31,Female,Marketing,Team Leader,97893.79,1,0.75,5,17.13,0,8,1
EID0885,24,Male,Sales,Analyst,141497.37,4,0.57,3,18.55,0,2,4
EID0886,20,Female,Finance,Manager,76478.7,1,0.27,4,19,1,2,1
EID0887,64,Male,Marketing,Analyst,37939.82,5,0.47,2,11.1,1,1,2
EID0888,40,Male,Operations,Senior Analyst,32298.66,1,0.33,4,6.82,0,3,21
EID0889,63,Male,IT,Clerk,129223.03,4,0.58,1,19.24,1,1,16
EID0890,60,Male,IT,Analyst,92968.28,3,0.89,1,10.95,1,8,15
EID0891,64,Female,HR,Clerk,123029.29,2,0.57,4,1.29,1,9,5
EID0892,62,Male,Marketing,Analyst,58131.07,1,0.63,5,12.86,0,6,6
EID0893,35,Male,IT,Senior Analyst,71410.05,2,0.52,1,11.75,0,7,17
EID0894,55,Female,Sales,Manager,33612.46,5,0.05,1,17.92,1,2,13
EID0895,52,Female,Marketing,Senior Analyst,145379.08,3,0.23,4,13.06,0,5,14
EID0896,32,Other,Sales,Manager,110144.15,3,0.49,1,6.98,1,9,14
EID0897,42,Female,Sales,Manager,141984.61,1,0.31,5,19.32,1,5,14
EID0898,54,Female,IT,Clerk,61859.57,3,0.18,5,16.03,0,0,32
EID0899,45,Other,Marketing,Senior Analyst,103375.63,1,0.5,5,12.61,0,5,10
EID0900,27,Female,Operations,Analyst,111420,1,0.32,2,5.86,0,2,8
EID0901,56,Female,Finance,Senior Analyst,68105.96,2,0.26,5,7.47,1,2,36
EID0902,34,Female,IT,Clerk,131773.11,3,0.46,5,13.4,1,2,4
EID0903,56,Female,IT,Manager,143659.38,1,0.13,2,1.44,0,9,28
EID0904,39,Other,Operations,Clerk,136182.61,2,0.93,3,5.13,0,9,20
EID0905,43,Female,Marketing,Team Leader,118688.04,4,0.87,1,14.28,0,7,5
EID0906,61,Female,Marketing,Team Leader,63295.76,2,0.71,5,9.6,1,4,1
EID0907,42,Other,Sales,Analyst,63793.93,2,0.11,1,8.05,1,3,5
EID0908,34,Male,Operations,Clerk,145603.24,1,0.78,4,3.03,1,8,13
EID0909,30,Other,Operations,Analyst,31234.14,5,0.81,1,8.84,0,8,10
EID0910,37,Male,Marketing,Analyst,115926,5,0.77,2,15.41,0,0,3
EID0911,42,Other,Sales,Team Leader,114749.54,5,0.11,1,5.28,1,1,23
EID0912,21,Other,IT,Analyst,104722.74,2,0.64,1,0.11,0,7,0
EID0913,27,Female,HR,Team Leader,148813.06,1,0.83,1,13.37,0,4,8
EID0914,20,Male,Finance,Manager,67425.53,3,0.58,3,19.45,0,6,0
EID0915,58,Female,IT,Clerk,70796.62,2,0.65,3,12.14,0,0,2
EID0916,62,Male,Marketing,Analyst,39472.73,2,0.46,4,2.4,1,9,25
EID0917,35,Other,Finance,Team Leader,83135.78,1,0.53,2,6.41,0,4,15
EID0918,64,Other,HR,Senior Analyst,61325.82,4,0.03,1,17.35,1,2,42
EID0919,53,Male,HR,Analyst,71206.4,2,0.64,1,4.65,1,9,26
EID0920,64,Female,Sales,Manager,130148.61,4,0.08,1,12.15,0,1,35
EID0921,39,Female,Finance,Manager,142258.14,4,0.44,1,8.05,1,1,0
EID0922,51,Female,Sales,Senior Analyst,52287.97,5,0.29,3,4.16,1,8,15
EID0923,64,Female,IT,Team Leader,74701.07,1,0.55,4,16.27,0,3,10
EID0924,25,Other,Operations,Analyst,141435.67,4,0.13,5,14.86,1,3,1
EID0925,57,Other,Operations,Team Leader,37417.02,1,0.69,2,13.23,1,6,39
EID0926,61,Other,Operations,Manager,41083.26,5,0.8,1,4.73,1,9,0
EID0927,36,Other,Finance,Team Leader,49534.92,1,0.16,4,1.96,1,9,8
EID0928,59,Other,Operations,Manager,101425.54,2,0.1,5,11.52,1,1,21
EID0929,58,Female,IT,Team Leader,48056.67,4,0.15,4,11.07,1,2,7
EID0930,54,Female,Sales,Senior Analyst,146169.17,1,0.88,3,3.77,1,2,26
EID0931,23,Female,Finance,Clerk,83605.74,3,0.53,5,1.12,1,5,2
EID0932,43,Female,Sales,Senior Analyst,90182.16,1,0.47,4,1.61,0,2,24
EID0933,51,Other,Finance,Senior Analyst,59599.03,4,0.11,3,19.86,0,4,20
EID0934,62,Other,Sales,Clerk,86515.23,5,0.65,4,15.67,0,3,23
EID0935,23,Other,HR,Clerk,109429.64,5,0.87,4,18.44,1,2,3
EID0936,54,Male,Sales,Analyst,120141.26,4,0.83,5,3.9,1,7,18
EID0937,50,Female,Operations,Analyst,120464.17,2,0.63,3,19.21,1,9,1
EID0938,39,Female,HR,Senior Analyst,99346.93,2,0.08,1,2.85,0,2,13
EID0939,38,Other,Sales,Senior Analyst,138523.17,5,0.11,2,10.18,0,5,20
EID0940,23,Female,Finance,Manager,128088.94,5,0.05,5,16.59,0,6,1
EID0941,23,Female,Finance,Manager,120845.77,4,0.26,3,7,1,6,3
EID0942,21,Other,Finance,Analyst,36672.66,2,0.14,4,8.5,0,1,3
EID0943,47,Male,Marketing,Analyst,30825.36,5,0.26,3,2.56,0,2,6
EID0944,28,Male,IT,Manager,55493.67,2,0.39,2,2.46,1,9,7
EID0945,47,Male,Finance,Manager,109622.83,5,0.94,2,12.39,0,9,9
EID0946,48,Other,HR,Team Leader,79343.7,1,0.61,1,13.51,1,3,14
EID0947,41,Female,Finance,Team Leader,78288.75,3,0.83,1,15.55,0,6,7
EID0948,26,Other,Marketing,Manager,136150.43,1,0.71,2,11.13,1,1,7
EID0949,20,Other,Operations,Team Leader,137467.54,5,0.11,5,12.92,1,2,2
EID0950,48,Female,HR,Clerk,139101.03,3,0.74,5,0.27,1,6,25
EID0951,57,Male,Marketing,Analyst,67665.37,3,0.28,4,3.24,1,6,11
EID0952,54,Male,Operations,Analyst,112926.7,5,0.64,1,19.7,1,9,26
EID0953,53,Other,HR,Manager,62595.98,5,0.34,4,1.52,0,2,17
EID0954,41,Male,Sales,Senior Analyst,52873.18,2,1,1,13.58,1,0,12
EID0955,48,Other,IT,Manager,52155.89,5,0.26,2,3.52,1,2,3
EID0956,23,Other,IT,Team Leader,71052.91,4,0.28,5,14.33,1,4,0
EID0957,19,Female,Marketing,Senior Analyst,81594.91,5,0.93,5,14.12,1,6,0
EID0958,37,Female,Operations,Team Leader,129713.9,4,0.02,2,4.68,0,3,8
EID0959,45,Female,IT,Clerk,44386.93,5,0.7,4,5.39,1,0,22
EID0960,28,Other,Operations,Team Leader,118191.1,2,0.73,4,13.1,0,5,6
EID0961,21,Female,Operations,Clerk,93774.59,4,0.84,3,7.8,1,1,0
EID0962,32,Male,Marketing,Clerk,64553.44,1,0.97,1,3.89,1,2,6
EID0963,23,Male,Marketing,Team Leader,89138.35,4,0.98,4,14.63,0,3,1
EID0964,47,Other,Marketing,Team Leader,65993.05,2,0.07,2,3.08,0,5,6
EID0965,55,Other,IT,Clerk,101529.83,4,0.82,4,17.11,0,5,6
EID0966,19,Female,Marketing,Senior Analyst,82061.27,5,0.65,5,10.29,1,6,1
EID0967,32,Other,IT,Clerk,49728.66,5,0.65,1,2.11,0,4,2
EID0968,28,Other,Marketing,Analyst,43989.97,2,0.13,3,13.88,1,6,9
EID0969,25,Male,Finance,Clerk,95603.48,3,0.65,1,10.38,0,1,1
EID0970,43,Male,Operations,Senior Analyst,138289.56,5,0.98,5,5.96,0,0,6
EID0971,62,Female,Marketing,Analyst,71274.92,1,0.91,5,8.45,1,9,20
EID0972,61,Other,HR,Manager,117960.01,2,0.44,5,5.97,0,7,36
EID0973,22,Other,Operations,Manager,109039.36,4,0.04,5,5.26,0,0,0
EID0974,23,Male,Operations,Senior Analyst,141786.59,4,0.36,2,3.27,1,1,2
EID0975,43,Other,Marketing,Clerk,128517.72,1,0.83,3,7.26,1,9,23
EID0976,21,Male,Sales,Team Leader,97992.63,5,0.7,5,5.02,1,5,1
EID0977,36,Female,Marketing,Senior Analyst,108843.66,2,0.46,5,13.67,0,0,6
EID0978,37,Male,Operations,Analyst,137806.38,1,0.06,4,13.68,0,9,16
EID0979,50,Other,HR,Analyst,77942.25,5,0.43,3,10.04,0,2,3
EID0980,37,Female,Operations,Manager,69215.36,2,0.47,1,15.56,0,6,15
EID0981,29,Male,HR,Analyst,31297.33,4,0.93,3,16.83,0,7,2
EID0982,64,Male,IT,Senior Analyst,129186.13,2,0.64,3,11.6,1,3,41
EID0983,18,Female,Finance,Analyst,126117.68,3,0.31,3,12.38,0,2,0
EID0984,43,Female,Operations,Senior Analyst,42534.54,2,0.53,5,5.66,1,0,2
EID0985,31,Male,Marketing,Team Leader,99222.89,3,0.07,5,17.9,0,8,10
EID0986,55,Other,IT,Manager,85677.8,2,0.97,2,0.48,1,9,2
EID0987,54,Male,Finance,Analyst,44245.09,3,0.36,1,6.97,0,5,27
EID0988,28,Female,Marketing,Senior Analyst,147668.19,4,0.48,4,14.44,0,5,0
EID0989,53,Male,Sales,Clerk,55763.51,5,0.36,3,1.6,1,8,30
EID0990,30,Female,Marketing,Manager,38068.1,3,0.68,1,3.66,0,0,9
EID0991,60,Female,HR,Team Leader,101381.69,3,0.66,1,11.79,1,5,21
EID0992,20,Other,HR,Senior Analyst,118664,4,0.72,2,11.2,0,4,1
EID0993,50,Female,Sales,Team Leader,33893.21,3,0.27,4,14.78,0,5,20
EID0994,23,Female,IT,Team Leader,109046.12,1,0.32,3,16.25,1,7,3
EID0995,27,Other,Finance,Analyst,93875.03,4,0.13,4,2.57,0,4,4
EID0996,22,Female,Marketing,Analyst,42391.8,1,0.66,2,0.37,1,1,3
EID0997,40,Other,HR,Senior Analyst,50702.87,4,0.04,5,13.79,0,1,21
EID0998,27,Other,IT,Clerk,98156.92,3,0.6,1,6.03,0,9,8
EID0999,61,Female,Sales,Senior Analyst,65562.91,1,0.87,3,12.52,0,4,19
EID1000,19,Female,Operations,Clerk,142597.89,3,0.89,5,3.01,0,2,0
